-- MySQL dump 10.13  Distrib 5.7.37, for Linux (x86_64)
--
-- Host: localhost    Database: Atletico
-- ------------------------------------------------------
-- Server version	5.7.37-0ubuntu0.18.04.1

/*!40101 SET @OLD_CHARACTER_SET_CLIENT=@@CHARACTER_SET_CLIENT */;
/*!40101 SET @OLD_CHARACTER_SET_RESULTS=@@CHARACTER_SET_RESULTS */;
/*!40101 SET @OLD_COLLATION_CONNECTION=@@COLLATION_CONNECTION */;
/*!40101 SET NAMES utf8 */;
/*!40103 SET @OLD_TIME_ZONE=@@TIME_ZONE */;
/*!40103 SET TIME_ZONE='+00:00' */;
/*!40014 SET @OLD_UNIQUE_CHECKS=@@UNIQUE_CHECKS, UNIQUE_CHECKS=0 */;
/*!40014 SET @OLD_FOREIGN_KEY_CHECKS=@@FOREIGN_KEY_CHECKS, FOREIGN_KEY_CHECKS=0 */;
/*!40101 SET @OLD_SQL_MODE=@@SQL_MODE, SQL_MODE='NO_AUTO_VALUE_ON_ZERO' */;
/*!40111 SET @OLD_SQL_NOTES=@@SQL_NOTES, SQL_NOTES=0 */;

--
-- Table structure for table `contadorVisitas`
--

DROP TABLE IF EXISTS `contadorVisitas`;
/*!40101 SET @saved_cs_client     = @@character_set_client */;
/*!40101 SET character_set_client = utf8 */;
CREATE TABLE `contadorVisitas` (
  `anio` int(4) NOT NULL,
  `cont` int(8) DEFAULT '0',
  PRIMARY KEY (`anio`)
) ENGINE=InnoDB DEFAULT CHARSET=latin1;
/*!40101 SET character_set_client = @saved_cs_client */;

--
-- Dumping data for table `contadorVisitas`
--

LOCK TABLES `contadorVisitas` WRITE;
/*!40000 ALTER TABLE `contadorVisitas` DISABLE KEYS */;
INSERT INTO `contadorVisitas` VALUES (2020,0);
/*!40000 ALTER TABLE `contadorVisitas` ENABLE KEYS */;
UNLOCK TABLES;

--
-- Table structure for table `equipo`
--

DROP TABLE IF EXISTS `equipo`;
/*!40101 SET @saved_cs_client     = @@character_set_client */;
/*!40101 SET character_set_client = utf8 */;
CREATE TABLE `equipo` (
  `id` int(2) NOT NULL AUTO_INCREMENT,
  `nombre` varchar(50) NOT NULL,
  `puntos` int(1) NOT NULL DEFAULT '0',
  `partidosJugados` int(1) NOT NULL DEFAULT '0',
  `partidosGanados` int(1) NOT NULL DEFAULT '0',
  `partidosEmpatados` int(1) NOT NULL DEFAULT '0',
  `partidosPerdidos` int(1) NOT NULL DEFAULT '0',
  `golesAFavor` int(2) NOT NULL DEFAULT '0',
  `golesEnContra` int(2) NOT NULL DEFAULT '0',
  `diferenciaGoles` int(2) NOT NULL DEFAULT '0',
  `golesEnContraTotal` int(2) NOT NULL DEFAULT '0',
  `grupo` int(1) NOT NULL,
  `cantAmarillas` int(2) NOT NULL DEFAULT '0',
  `cantRojas` int(2) NOT NULL DEFAULT '0',
  `anio` int(4) DEFAULT NULL,
  `torneo` tinyint(1) DEFAULT NULL,
  PRIMARY KEY (`id`)
) ENGINE=InnoDB AUTO_INCREMENT=215 DEFAULT CHARSET=latin1;
/*!40101 SET character_set_client = @saved_cs_client */;

--
-- Dumping data for table `equipo`
--

LOCK TABLES `equipo` WRITE;
/*!40000 ALTER TABLE `equipo` DISABLE KEYS */;
INSERT INTO `equipo` VALUES (1,'Club de Gimnasia y Esgrima La Plata A.F.A.',9,3,3,0,0,13,0,13,3,1,5,0,2018,0),(2,'Club Atletico Ayacucho',3,3,1,0,2,1,3,-2,4,1,0,0,2018,0),(3,'Club Atletico Jorge Newbery (Maipu)',0,3,0,0,3,1,14,-13,14,1,0,0,2018,0),(4,'Club Social y Deportivo El Fortin',6,3,2,0,1,5,3,2,4,1,2,0,2018,0),(5,'Club Atletico Velez Sarsfield A.F.A.',9,3,3,0,0,27,2,25,3,2,1,0,2018,0),(6,'Club Defensores (Ayacucho)',6,3,2,0,1,5,12,-7,14,2,1,0,2018,0),(7,'Club Deportivo El Leon (Gral. Madariaga)',1,3,0,1,2,3,7,-4,7,2,1,0,2018,0),(8,'Club Embajadores de Olavarria',1,3,0,1,2,4,18,-14,18,2,0,0,2018,0),(9,'Club Atletico Banfield A.F.A.',9,3,3,0,0,25,0,25,0,3,2,0,2018,0),(10,'Club de Gimnasia y Esgrima de Tandil',1,3,0,1,2,1,11,-10,11,3,0,1,2018,0),(11,'Club Sportivo Trabajo (Balcarce)',4,3,1,1,1,6,11,-5,20,3,1,0,2018,0),(12,'C.A.F.A. (Moreno)',2,3,0,2,1,4,14,-10,18,3,0,0,2018,0),(13,'Club Estudiantes de La Plata A.F.A.',9,3,3,0,0,25,0,25,5,4,2,1,2018,0),(14,'Pequeños Talentos (Rauch)',1,3,0,1,2,2,15,-13,15,4,1,0,2018,0),(15,'Club Atletico Quilmes (Mar del Plata)',6,3,2,0,1,5,8,-3,9,4,0,0,2018,0),(16,'Club Social y Deportivo Pinamar',1,3,0,1,2,1,10,-9,12,4,2,0,2018,0),(17,'Racing Club de Avellaneda A.F.A.',9,3,3,0,0,14,0,14,2,5,2,1,2018,0),(18,'Club Atletico Ferrocarril Sud (Tandil)',4,3,1,1,1,4,4,0,10,5,1,0,2018,0),(19,'Club Deportivo Juventud Unida (Gral. Madariaga)',4,3,1,1,1,2,7,-5,9,5,0,0,2018,0),(20,'Club Atletico Chascomus',0,3,0,0,3,0,9,-9,9,5,0,0,2018,0),(21,'Club Atletico Boca Juniors A.F.A.',9,3,3,0,0,21,0,21,4,6,2,0,2018,0),(22,'Club Independiente (Tandil)',4,3,1,1,1,2,9,-7,19,6,0,0,2018,0),(23,'Club Atletico Alvarado (Mar del Plata)',0,3,0,0,3,2,14,-12,14,6,0,0,2018,0),(24,'Club Atletico Estudiantes (Olavarria)',4,3,1,1,1,3,5,-2,6,6,0,0,2018,0),(25,'Club Nacional de Futbol de Uruguay',9,3,3,0,0,20,1,19,5,7,1,0,2018,0),(26,'Club Excursionistas Tandil',0,3,0,0,3,2,26,-24,29,7,1,0,2018,0),(27,'Club Atletico Independiente (Mar del Plata)',6,3,2,0,1,9,5,4,19,7,1,0,2018,0),(28,'Club Ferrocarril Roca (Las Flores)',3,3,1,0,2,8,7,1,6,7,0,0,2018,0),(29,'Club Social y Deportivo El Fortin',6,3,2,0,1,8,1,7,1,1,0,0,2018,1),(30,'Club Deportivo El Leon (Gral. Madariaga)',4,3,1,1,1,3,2,1,0,1,0,0,2018,1),(31,'Club Excursionistas Tandil',0,3,0,0,3,0,15,-15,15,1,0,0,2018,1),(32,'Club Ferrocarril Roca (Las Flores)',7,3,2,1,0,8,1,7,3,1,0,0,2018,1),(33,'Club Atletico Estudiantes (Olavarria)',3,3,1,0,2,3,6,-3,6,2,0,0,2018,1),(34,'Club Sarmiento (Ayacucho)',0,3,0,0,3,0,6,-6,6,2,0,0,2018,1),(35,'Club Independiente (Tandil)',6,3,2,0,1,4,1,3,4,2,0,0,2018,1),(36,'Club Atletico Independiente (Mar del Plata)',9,3,3,0,0,7,1,6,3,2,1,0,2018,1),(37,'Club Alumni Azuleño',6,3,2,0,1,4,1,3,3,3,0,0,2018,1),(38,'Club Defensores (Ayacucho)',3,3,1,0,2,2,4,-2,5,3,0,0,2018,1),(39,'Club Atletico Ferrocarril Sud (Tandil)',1,3,0,1,2,0,5,-5,5,3,0,0,2018,1),(40,'Club Atletico Quilmes (Mar del Plata)',7,3,2,1,0,4,0,4,0,3,1,0,2018,1),(41,'Club Atletico Ayacucho',9,3,3,0,0,9,0,9,6,4,0,0,2018,1),(42,'Club Deportivo Juventud Unida (Gral. Madariaga)',0,3,0,0,3,0,8,-8,8,4,0,0,2018,1),(43,'Club de Gimnasia y Esgrima de Tandil',6,3,2,0,1,5,3,2,6,4,0,0,2018,1),(44,'Club Atletico Jorge Newbery (Maipu)',3,3,1,0,2,3,6,-3,6,4,0,0,2018,1),(45,'Club Atletico River Plate A.F.A.',9,3,3,0,0,29,0,29,1,1,5,0,2019,0),(46,'Club y Biblioteca Ramon Santamarina (Tandil)',1,3,0,1,2,3,20,-17,20,1,2,0,2019,0),(47,'Club Atletico Estudiantes (Olavarria)',6,3,2,0,1,4,3,1,4,1,2,0,2019,0),(48,'Club Atletico Argentino (Saladillo)',1,3,0,1,2,4,17,-13,17,1,0,0,2019,0),(49,'Club Estudiantes de La Plata A.F.A.',9,3,3,0,0,27,0,27,4,2,2,1,2019,0),(50,'Club Atletico y Social San Lorenzo (Rauch)',1,3,0,1,2,1,14,-13,15,2,1,0,2019,0),(51,'Club Atletico Ayacucho',6,3,2,0,1,12,5,7,9,2,2,0,2019,0),(52,'Club Atletico Belgrano (Vidal)',1,3,0,1,2,1,22,-21,22,2,0,0,2019,0),(53,'Club Nacional de Futbol de Uruguay',6,3,2,0,1,8,3,5,4,3,0,0,2019,0),(54,'Club Atletico Ferrocarril Sud (Tandil)',9,3,3,0,0,16,4,12,9,3,2,0,2019,0),(55,'Club Atletico Quilmes (Mar del Plata)',3,3,1,0,2,1,6,-5,7,3,2,0,2019,0),(56,'Asociacion Deportiva Atletico Villa Gesell',0,3,0,0,3,2,14,-12,14,3,4,0,2019,0),(57,'Club Atletico Banfield A.F.A.',9,3,3,0,0,8,0,8,3,4,0,0,2019,0),(58,'Club de Gimnasia y Esgrima de Tandil',3,3,1,0,2,5,5,0,20,4,7,0,2019,0),(59,'Club Deportivo Independencia (A. G. Chavez)',3,3,1,0,2,2,3,-1,6,4,6,0,2019,0),(60,'Club Deportivo Juventud Unida (Gral. Madariaga)',3,3,1,0,2,2,9,-7,9,4,4,0,2019,0),(61,'Club Atletico Boca Juniors A.F.A.',9,3,3,0,0,30,0,30,4,5,2,0,2019,0),(62,'Club Defensores (Ayacucho)',3,3,1,0,2,2,14,-12,17,5,1,0,2019,0),(63,'Club Atletico Chascomus',6,3,2,0,1,7,4,3,7,5,0,0,2019,0),(64,'Club Social y Deportivo Union (Maipu)',0,3,0,0,3,1,22,-21,22,5,2,0,2019,0),(65,'Club Atletico San Lorenzo de Almagro A.F.A.',9,3,3,0,0,31,0,31,2,6,2,0,2019,0),(66,'Club Atletico Social y Deportivo Rauch',0,3,0,0,3,0,21,-21,21,6,0,0,2019,0),(67,'Club Atletico Liniers (Bahia Blanca) B',3,3,1,0,2,3,12,-9,13,6,0,0,2019,0),(68,'Club Deportivo El Leon (Gral. Madariaga)',6,3,2,0,1,6,7,-1,15,6,1,0,2019,0),(69,'Racing Club de Avellaneda A.F.A.',9,3,3,0,0,18,0,18,0,7,1,0,2019,0),(70,'Club Sarmiento (Ayacucho)',3,3,1,0,2,4,6,-2,8,7,3,0,2019,0),(71,'Club Atletico Independiente (Mar del Plata)',6,3,2,0,1,5,6,-1,6,7,1,0,2019,0),(72,'Club Atletico Maipu',0,3,0,0,3,1,16,-15,21,7,2,0,2019,0),(73,'Club Atletico Velez Sarsfield A.F.A.',9,3,3,0,0,35,0,35,3,8,3,0,2019,0),(74,'Club Independiente (Tandil)',4,3,1,1,1,4,5,-1,10,8,1,0,2019,0),(75,'Club Atletico Liniers (Bahia Blanca) A',2,3,0,2,1,2,21,-19,22,8,0,0,2019,0),(76,'Club Ferrocarril Roca (Las Flores)',1,3,0,1,2,2,17,-15,19,8,4,0,2019,0),(77,'Club Atletico Estudiantes (Olavarria)',6,3,2,0,1,6,2,4,6,1,1,0,2019,1),(78,'Club Deportivo Juventud Unida (Gral. Madariaga)',4,3,1,1,1,3,2,1,5,1,0,0,2019,1),(79,'Club y Biblioteca Ramon Santamarina (Tandil)',7,3,2,1,0,7,2,5,3,1,1,0,2019,1),(80,'Club Atletico Liniers (Bahia Blanca) A',0,3,0,0,3,0,10,-10,10,1,0,0,2019,1),(81,'Club Alumni Azuleño',6,3,2,0,1,8,1,7,7,2,1,0,2019,1),(82,'Club Sarmiento (Ayacucho)',1,3,0,1,2,2,6,-4,6,2,0,0,2019,1),(83,'Club Independiente (Tandil)',9,3,3,0,0,7,2,5,3,2,0,0,2019,1),(84,'Club Atletico Liniers (Bahia Blanca) B',1,3,0,1,2,2,10,-8,12,2,0,0,2019,1),(85,'Club Atletico Independiente (Mar del Plata)',9,3,3,0,0,12,1,11,1,3,2,0,2019,1),(86,'Club Defensores (Ayacucho)',0,3,0,0,3,2,8,-6,11,3,2,0,2019,1),(87,'Club Atletico Ferrocarril Sud (Tandil)',6,3,2,0,1,6,8,-2,11,3,0,0,2019,1),(88,'Club Atletico Ayacucho',3,3,1,0,2,2,4,-2,7,4,0,0,2019,1),(89,'Club Atletico Maipu',0,3,0,0,3,0,10,-10,10,4,0,0,2019,1),(90,'Club Ferrocarril Roca (Las Flores)',9,3,3,0,0,9,0,9,0,4,1,0,2019,1),(91,'Racing Club de Avellaneda A.F.A.',9,3,3,0,0,26,0,26,7,1,5,0,2020,0),(92,'Club Sarmiento (Ayacucho)',0,3,0,0,3,0,14,-14,14,1,2,1,2020,0),(93,'Asociacion Deportiva Atletico Villa Gesell',6,3,2,0,1,3,9,-6,13,1,0,0,2020,0),(94,'Club Atletico Quilmes (Mar del Plata)',3,3,1,0,2,4,10,-6,11,1,2,0,2020,0),(95,'Club Atletico Banfield A.F.A.',9,3,3,0,0,19,0,19,4,2,1,0,2020,0),(96,'Club Independiente (Tandil)',3,3,1,0,2,4,8,-4,8,2,0,0,2020,0),(97,'Club Las Armas',0,3,0,0,3,0,21,-21,21,2,1,0,2020,0),(98,'Club Atletico Independiente (Mar del Plata)',6,3,2,0,1,11,5,6,8,2,0,0,2020,0),(99,'Club Nacional de Futbol de Uruguay',9,3,3,0,0,20,0,20,6,3,4,0,2020,0),(100,'Club Atletico Social y Deportivo Rauch',0,3,0,0,3,0,17,-17,17,3,1,0,2020,0),(101,'Club Deportivo El Leon (Gral. Madariaga)',3,3,1,0,2,2,9,-7,10,3,8,0,2020,0),(102,'Club Atletico Chascomus',6,3,2,0,1,9,5,4,12,3,1,0,2020,0),(103,'Club Atletico River Plate A.F.A.',9,3,3,0,0,30,0,30,1,4,1,0,2020,0),(104,'Andes Talleres Sport Club (Mendoza)',6,3,2,0,1,6,5,1,7,4,2,0,2020,0),(105,'Club Atletico Argentino (Saladillo)',3,3,1,0,2,2,14,-12,14,4,0,0,2020,0),(106,'Club Atletico Liniers (Bahia Blanca) B',0,3,0,0,3,0,19,-19,22,4,0,0,2020,0),(107,'Club Estudiantes de La Plata A.F.A.',9,3,3,0,0,10,1,9,5,5,3,0,2020,0),(108,'Club Atletico Ayacucho',4,3,1,1,1,4,5,-1,5,5,2,0,2020,0),(109,'Club Ferrocarril Roca (Las Flores)',0,3,0,0,3,1,12,-11,14,5,1,0,2020,0),(110,'LIFIPA (La Plata)',4,3,1,1,1,6,3,3,12,5,5,0,2020,0),(111,'Club Atletico Talleres (Cordoba) A.F.A.',9,3,3,0,0,14,0,14,4,6,2,0,2020,0),(112,'Club de Gimnasia y Esgrima de Tandil',0,3,0,0,3,0,12,-12,12,6,0,0,2020,0),(113,'Racing Futbol Club (Balcarce)',4,3,1,1,1,4,5,-1,7,6,3,0,2020,0),(114,'Club Atletico Liniers (Bahia Blanca) A',4,3,1,1,1,2,3,-1,3,6,2,0,2020,0),(115,'Club Atletico Velez Sarsfield A.F.A.',9,3,3,0,0,20,0,20,2,7,2,0,2020,0),(116,'Club y Biblioteca Ramon Santamarina (Tandil)',0,3,0,0,3,2,14,-12,14,7,0,0,2020,0),(117,'Club Deportivo Juventud Unida (Gral. Madariaga)',6,3,2,0,1,4,9,-5,20,7,1,0,2020,0),(118,'Club Atletico San Lorenzo de Almagro A.F.A.',6,3,2,0,1,11,1,10,3,8,2,0,2020,0),(119,'Club Defensores (Ayacucho)',3,3,1,0,2,2,9,-7,13,8,5,0,2020,0),(120,'Club Atletico Maipu',3,3,1,0,2,4,10,-6,21,8,2,0,2020,0),(121,'Club Atletico Ayacucho',1,3,0,1,2,1,3,-2,5,1,0,1,2020,1),(122,'Club de Gimnasia y Esgrima de Tandil',5,3,1,2,0,4,3,1,4,1,1,0,2020,1),(123,'Club Deportivo Juventud Unida (Gral. Madariaga)',5,3,1,2,0,4,3,1,4,1,1,0,2020,1),(124,'Club Atletico Empleados de Comercio (Bolivar)',4,3,1,1,1,2,2,0,4,1,0,0,2020,1),(125,'Club Sarmiento (Ayacucho)',4,3,1,1,1,2,3,-1,4,2,0,0,2020,1),(126,'Club Independiente (Tandil)',3,3,0,3,0,4,4,0,6,2,1,2,2020,1),(127,'Club Atletico Liniers (Bahia Blanca) B',1,3,0,1,2,2,8,-6,8,2,0,1,2020,1),(128,'Club Atletico Independiente (Mar del Plata)',7,3,2,1,0,8,1,7,2,2,1,0,2020,1),(129,'Club Defensores (Ayacucho)',0,3,0,0,3,1,10,-9,10,3,0,0,2020,1),(130,'Club Atletico y Social San Lorenzo (Rauch)',4,3,1,1,1,1,2,-1,4,3,1,0,2020,1),(131,'Club Deportivo El Leon (Gral. Madariaga)',7,3,2,1,0,9,2,7,2,3,1,0,2020,1),(132,'Racing Futbol Club (Balcarce)',5,3,1,2,0,4,1,3,3,3,1,0,2020,1),(133,'Club Ateneo Estrada (Ayacucho)',1,3,0,1,2,0,4,-4,10,4,0,0,2020,1),(134,'Club Atletico Social y Deportivo Rauch',2,3,0,2,1,2,3,-1,7,4,0,0,2020,1),(135,'Club Atletico Liniers (Bahia Blanca) A',6,3,2,0,1,4,4,0,5,4,1,0,2020,1),(136,'Club Alumni Azuleño',5,3,1,2,0,4,1,3,1,5,0,0,2020,1),(137,'Club Ferrocarril Roca (Las Flores)',7,3,2,1,0,7,1,6,3,5,0,0,2020,1),(138,'Club Atletico Maipu',2,3,0,2,1,1,5,-4,9,5,1,0,2020,1),(139,'Club y Biblioteca Ramon Santamarina (Tandil)',7,3,2,1,0,4,2,2,7,1,5,0,2021,0),(140,'Club de Gimnasia y Esgrima de Tandil',0,3,0,0,3,0,3,-3,3,1,5,0,2021,0),(141,'Club Ferrocarril Roca (Las Flores)',7,3,2,1,0,3,0,3,2,1,2,0,2021,0),(142,'Racing Futbol Club (Balcarce)',3,3,1,0,2,3,5,-2,5,1,5,0,2021,0),(143,'Club Atletico Talleres (Cordoba) A.F.A.',9,3,3,0,0,18,1,17,2,2,2,0,2021,0),(144,'Club Atletico Social y Deportivo Rauch',0,3,0,0,3,1,16,-15,16,2,0,0,2021,0),(145,'Cosme (Gral. Madariaga)',6,3,2,0,1,2,4,-2,4,2,2,0,2021,0),(146,'Club Atletico Liniers (Bahia Blanca)',3,3,1,0,2,5,5,0,6,2,6,0,2021,0),(147,'Asociacion Atletica Argentinos Juniors A.F.A.',9,3,3,0,0,16,0,16,0,3,1,0,2021,0),(148,'Club Atletico Ayacucho',3,3,1,0,2,4,6,-2,6,3,1,0,2021,0),(149,'Club Deportivo Juventud Unida (Gral. Madariaga)',0,3,0,0,3,1,13,-12,13,3,3,0,2021,0),(150,'Club Atletico Chascomus',6,3,2,0,1,4,6,-2,9,3,3,0,2021,0),(151,'Club Atletico Independiente (Mar del Plata)',6,3,2,0,1,5,2,3,8,4,2,0,2021,0),(152,'Club Sarmiento (Ayacucho)',0,3,0,0,3,0,7,-7,7,4,1,0,2021,0),(153,'Club Atletico General Urquiza (Mar del Plata)',6,3,2,0,1,6,3,3,14,4,1,1,2021,0),(154,'Club Independiente (Tandil)',6,3,2,0,1,4,3,1,5,4,3,0,2021,0),(155,'Club Atletico Banfield A.F.A.',7,3,2,1,0,39,0,39,1,5,1,1,2021,0),(156,'Plaza La Tosquera (Azul)',7,3,2,1,0,13,0,13,0,5,2,0,2021,0),(157,'Club Atletico Maipu',3,3,1,0,2,1,18,-17,18,5,2,0,2021,0),(158,'Club Defensores (Ayacucho)',0,3,0,0,3,0,35,-35,35,5,1,0,2021,0),(159,'Club Atletico Velez Sarsfield A.F.A.',9,3,3,0,0,35,0,35,0,1,2,0,2022,0),(160,'Club Sarmiento (Ayacucho)',2,3,0,2,1,2,19,-17,19,1,3,0,2022,0),(161,'Asociacion Deportiva Atletico Villa Gesell',4,3,1,1,1,3,10,-7,11,1,1,0,2022,0),(162,'Club Atletico y Social San Lorenzo (Rauch)',1,3,0,1,2,1,12,-11,12,1,3,0,2022,0),(163,'Club Atletico Boca Juniors A.F.A.',9,3,3,0,0,37,0,37,2,2,1,0,2022,0),(164,'Club y Biblioteca Ramon Santamarina (Tandil)',1,3,0,1,2,3,17,-14,19,2,4,0,2022,0),(165,'Club Deportivo El Leon (Gral. Madariaga)',6,3,2,0,1,4,12,-8,28,2,3,0,2022,0),(166,'Club Atletico Empleados de Comercio (Bolivar)',1,3,0,1,2,3,18,-15,18,2,1,0,2022,0),(167,'Club Atletico Independiente (Mar del Plata)',6,3,2,0,1,8,1,7,9,3,2,0,2022,0),(168,'Club Defensores (Ayacucho)',0,3,0,0,3,2,15,-13,15,3,3,0,2022,0),(169,'Club Deportivo Juventud Unida (Gral. Madariaga)',4,3,1,1,1,3,3,0,10,3,0,0,2022,0),(170,'Club Atletico Las Flores',7,3,2,1,0,7,1,6,5,3,0,0,2022,0),(171,'Club Estudiantes de La Plata A.F.A.',9,3,3,0,0,18,1,17,1,4,0,0,2022,0),(172,'Club Independiente (Tandil)',3,3,1,0,2,6,6,0,14,4,1,0,2022,0),(173,'Cosme (Gral. Madariaga)',3,3,1,0,2,3,17,-14,18,4,1,0,2022,0),(174,'Club Atletico Argentino (Saladillo)',3,3,1,0,2,3,6,-3,13,4,3,0,2022,0),(175,'Club Atletico Banfield A.F.A.',9,3,3,0,0,18,0,18,2,5,2,1,2022,0),(176,'Club Atletico Ayacucho',1,3,0,1,2,1,10,-9,10,5,1,0,2022,0),(177,'Racing Futbol Club (Balcarce)',4,3,1,1,1,2,6,-4,8,5,7,0,2022,0),(178,'Club Atletico Chascomus',2,3,0,2,1,2,7,-5,12,5,0,0,2022,0),(179,'Club Atletico Talleres (Cordoba) A.F.A.',9,3,3,0,0,19,0,19,2,6,4,0,2022,0),(180,'Club de Gimnasia y Esgrima de Tandil',4,3,1,1,1,4,11,-7,15,6,1,0,2022,0),(181,'Club Atletico General Urquiza (Mar del Plata)',0,3,0,0,3,0,13,-13,13,6,2,0,2022,0),(182,'Club Atletico Liniers (Bahia Blanca)',4,3,1,1,1,4,3,1,4,6,2,0,2022,0),(183,'Deportivo Villa Gesell Golf Club',4,3,1,1,1,9,3,6,5,1,0,0,2021,1),(184,'Club Ateneo Estrada (Ayacucho)',0,3,0,0,3,0,16,-16,17,1,0,0,2021,1),(185,'Club Deportivo El Leon (Gral. Madariaga)',5,3,1,2,0,5,1,4,3,1,0,0,2021,1),(186,'Club Atletico General Urquiza (Mar del Plata)',7,3,2,1,0,6,0,6,3,1,0,0,2021,1),(187,'Club de Gimnasia y Esgrima de Tandil',6,3,2,0,1,8,1,7,6,2,2,0,2021,1),(188,'Club Sarmiento (Ayacucho)',4,3,1,1,1,2,3,-1,4,2,0,0,2021,1),(189,'Club Deportivo Juventud Unida (Gral. Madariaga)',6,3,2,0,1,5,4,1,6,2,0,0,2021,1),(190,'Club Atletico Social y Deportivo Rauch',1,3,0,1,2,1,8,-7,8,2,0,0,2021,1),(191,'Club Atletico Ayacucho',3,3,1,0,2,2,10,-8,10,3,0,0,2021,1),(192,'Club Defensores (Ayacucho)',6,3,2,0,1,11,3,8,5,3,0,0,2021,1),(193,'Club Deportivo Los del Clan (Gral. Madariaga)',9,3,3,0,0,11,0,11,1,3,1,0,2021,1),(194,'Club Atletico y Social San Lorenzo (Rauch)',0,3,0,0,3,2,13,-11,13,3,1,0,2021,1),(195,'Club de Gimnasia y Esgrima de Tandil',1,3,0,1,2,0,3,-3,5,1,1,0,2022,1),(196,'Club Atletico Ayacucho',6,3,2,0,1,4,3,1,4,1,0,0,2022,1),(197,'Club Deportivo Juventud Unida (Gral. Madariaga)',1,3,0,1,2,0,4,-4,4,1,1,0,2022,1),(198,'Club Atletico Liniers (Bahia Blanca)',9,3,3,0,0,7,1,6,6,1,1,0,2022,1),(199,'Club Alumni Azuleño',6,3,2,0,1,6,1,5,2,2,0,0,2022,1),(200,'Club Ateneo Estrada (Ayacucho)',0,3,0,0,3,0,11,-11,11,2,0,0,2022,1),(201,'Club Ferrocarril Roca (Las Flores)',9,3,3,0,0,6,1,5,2,2,3,0,2022,1),(202,'Club Atletico Ferroviarios (Balcarce)',3,3,1,0,2,5,4,1,6,2,0,0,2022,1),(203,'Club Atletico Independiente (Mar del Plata)',9,3,3,0,0,12,0,12,1,3,1,0,2022,1),(204,'Club Defensores (Ayacucho)',2,3,0,2,1,3,13,-10,17,3,0,0,2022,1),(205,'Deportivo Villa Gesell Golf Club',1,3,0,1,2,1,5,-4,6,3,0,0,2022,1),(206,'Club Independiente (Tandil)',9,3,3,0,0,11,1,10,5,4,1,0,2022,1),(207,'Club Sarmiento (Ayacucho)',1,3,0,1,2,3,11,-8,11,4,3,0,2022,1),(208,'Club Deportivo El Leon (Gral. Madariaga)',3,3,1,0,2,3,3,0,4,4,1,0,2022,1),(209,'Escuela Municipal de Ayacucho',4,3,1,1,1,6,4,2,11,1,0,0,2022,2),(210,'Deportivo San Jose (Tandil)',9,3,3,0,0,6,0,6,0,1,0,0,2022,2),(211,'Club Deportivo El Leon (Gral. Madariaga)',0,3,0,0,3,0,8,-8,8,1,0,0,2022,2),(212,'Juventud Unida Negro',1,3,0,1,2,2,6,-4,6,2,0,0,2022,2),(213,'Juventud Unida Blanco',3,3,1,0,2,1,2,-1,5,2,0,0,2022,2),(214,'Club El Potrero (Tandil)',9,3,3,0,0,5,0,5,2,2,1,0,2022,2);
/*!40000 ALTER TABLE `equipo` ENABLE KEYS */;
UNLOCK TABLES;

--
-- Table structure for table `goleadores`
--

DROP TABLE IF EXISTS `goleadores`;
/*!40101 SET @saved_cs_client     = @@character_set_client */;
/*!40101 SET character_set_client = utf8 */;
CREATE TABLE `goleadores` (
  `id` int(3) NOT NULL AUTO_INCREMENT,
  `nombre` varchar(60) NOT NULL,
  `apellido` varchar(60) NOT NULL,
  `numero` int(2) NOT NULL,
  `goles` int(2) NOT NULL,
  `id_equipo` int(2) NOT NULL,
  `anio` int(4) DEFAULT NULL,
  `torneo` tinyint(1) DEFAULT NULL,
  PRIMARY KEY (`id`),
  KEY `id_equipo` (`id_equipo`),
  CONSTRAINT `goleadores_ibfk_1` FOREIGN KEY (`id_equipo`) REFERENCES `equipo` (`id`)
) ENGINE=InnoDB AUTO_INCREMENT=853 DEFAULT CHARSET=latin1;
/*!40101 SET character_set_client = @saved_cs_client */;

--
-- Dumping data for table `goleadores`
--

LOCK TABLES `goleadores` WRITE;
/*!40000 ALTER TABLE `goleadores` DISABLE KEYS */;
INSERT INTO `goleadores` VALUES (1,'Raul Ignacio','Cabral',9,15,5,2018,0),(2,'Ezequiel','Nicolini',7,12,25,2018,0),(3,'Lautaro','Castaño',11,11,5,2018,0),(4,'Kevin Joel','Brito',16,9,5,2018,0),(5,'Gianluca','Bosch',17,7,5,2018,0),(6,'Lautaro','Ahumada ',7,6,5,2018,0),(7,'Mateo','Comba',9,9,25,2018,0),(8,'Mauricio','Roldan',11,6,9,2018,0),(9,'Santiago Valentin','Gonzales',10,5,9,2018,0),(10,'Octavio','Casalongue',16,5,17,2018,0),(11,'Juan Pablo','Arango Rolfi',10,5,13,2018,0),(12,'Nahuel','Simon',9,4,15,2018,0),(13,'Lucas Nicolas','Parera',7,4,9,2018,0),(14,'Luciano','Dias ',10,4,17,2018,0),(15,'Nicolas','Mitic Flores',9,4,1,2018,0),(16,'Nehuen','Benedetti',14,4,13,2018,0),(17,'Sebastian','Traverso',4,3,13,2018,0),(18,'Martin','Naser',16,3,13,2018,0),(19,'Luca','Landriel',11,4,13,2018,0),(20,'Thiago Valentin','Rolon',8,4,21,2018,0),(21,'Santiago','Peralta',11,3,25,2018,0),(22,'Thiago','Taboada',9,3,17,2018,0),(23,'Alex','Costa',2,3,28,2018,0),(24,'Agustin','Suarez',14,3,25,2018,0),(25,'Victor Hugo','Galeano',7,3,21,2018,0),(26,'Thomas','Mielniczuk',6,3,1,2018,0),(27,'Juan Cruz','Vergara',7,2,1,2018,0),(28,'Martin','Paz',11,3,6,2018,0),(29,'Mateo','Miglino',15,3,5,2018,0),(30,'Teo','Gomez ',11,3,11,2018,0),(31,'Facundo Nahuel','Roemo',8,3,9,2018,0),(32,'Lautaro Uriel','Peralta',9,3,9,2018,0),(33,'Nicolas Emanuel','Rojas',16,2,9,2018,0),(34,'Adrian Benjamin','Lucero Alaggio',14,2,9,2018,0),(35,'Juan Pablo','Moreno',10,3,21,2018,0),(36,'Tomas Joel','Lopez',11,3,21,2018,0),(37,'Juan Segundo','Larrivey',7,2,13,2018,0),(38,'Gano Genaro','Galarza',5,2,13,2018,0),(39,'Tiziano','Sanmartino',3,2,13,2018,0),(40,'Fabian','Masson',9,2,28,2018,0),(41,'Wenceslao','Cordomi',11,2,28,2018,0),(42,'Nicolas','Lombardi',9,2,7,2018,0),(43,'Juan Martin','Herrera ',11,2,7,2018,0),(44,'Santino','Sacchi',11,2,8,2018,0),(45,'Elias','Ferreyra',9,2,8,2018,0),(46,'Ramiro','Macarrone',3,2,17,2018,0),(47,'Mateo','Gutierrez',14,2,17,2018,0),(48,'Tomas','Arburua',12,2,17,NULL,NULL),(49,'Tomas Alejandro','Lopez',13,2,4,2018,0),(50,'Tobias','Ferrari ',10,2,18,2018,0),(51,'Lucas','Dietzel',17,2,8,2018,0),(52,'Faustino','De Vito ',4,2,5,2018,0),(53,'Matias','Guerra',6,2,27,2018,0),(54,'Santiago','Ronda Laborde',11,2,27,2018,0),(55,'Juan Francisco','Vazquez Vizmara',9,2,11,2018,0),(56,'Diego','Rivas Urriza',9,2,4,2018,0),(57,'Marco','Miguens',13,2,13,2018,0),(58,'Santiago','Tobar',15,2,13,2018,0),(59,'Carlos','Otazu Fariña',9,2,13,2018,0),(60,'Agustin','Camplone',14,2,24,2018,0),(61,'Luca','Crivelli',10,1,24,2018,0),(62,'Jhoan','Cardozo',8,2,25,2018,0),(63,'Exequias','Zapata',11,2,17,2018,0),(64,'Tiago','Gonzalez ',15,2,17,2018,0),(65,'Gaston','Galeano',8,2,7,2018,0),(66,'Simon','Frias ',8,2,19,2018,0),(67,'Lucas','Lazarte',9,2,18,2018,0),(68,'Joshua Nicolas','Portillo',6,2,21,2018,0),(69,'Ivan','alvarez ',9,2,6,2018,0),(70,'Ezequiel','Gregnoli',10,2,12,2018,0),(71,'Lucio','Vazquez',16,2,1,2018,0),(72,'Simon','Meza',10,2,1,2018,0),(73,'Homero','Dobal',10,1,2,2018,0),(74,'Tomas Valentin','Velazquez ',14,1,9,2018,0),(75,'Santiago Elias','Acosta',3,1,9,2018,0),(76,'Agustin','Lopez',5,1,9,2018,0),(77,'Octavio Nahuel','Diaz',13,1,9,2018,0),(78,'Ciro','Lopez ',11,1,23,2018,0),(79,'Thiago','Pintado',13,1,25,2018,0),(80,'Mathias','Albistur',17,1,25,2018,0),(81,'Alessandro','Scarpa',5,1,10,2018,0),(82,'Gonzalo','Bustamante ',10,1,27,2018,0),(83,'Joaquin','Contino',11,1,2,2018,0),(84,'Rufino','Cordero',13,1,2,2018,0),(85,'Francisco','Diz',15,1,2,2018,0),(86,'Nahuel','Parenti',10,1,22,2018,0),(87,'Emanuel','Pica',5,1,4,2018,0),(88,'Enzo','Carrera',7,1,8,2018,0),(89,'Tomas','Bustos',14,1,8,2018,0),(90,'Nahuel Fernando','Lamorte',6,1,11,2018,0),(91,'Tiziano','Godoy',5,1,1,2018,0),(92,'Nicolas','Coceres',8,1,1,2018,0),(93,'Juan Ignacio','Canale',6,1,13,2018,0),(94,'Gianni','Dislacio',4,1,24,2018,0),(95,'Roman','Salazar',4,1,21,2018,0),(96,'Franco','Bortolin',18,1,12,2018,0),(97,'Alexis','Servia Leguizamon',12,1,12,2018,0),(98,'Kevin','Gonzalez Vargas',14,1,5,2018,0),(99,'Dylan','Meaca',5,1,14,2018,0),(100,'Jeronimo','Sosa',6,1,15,2018,0),(101,'Tobias','Zapata',9,1,22,2018,0),(102,'Juan Jose','Teriaca ',8,1,27,2018,0),(103,'Mateo','Becci Trama',9,1,27,2018,0),(104,'Ramiro','Cabranes',7,1,27,2018,0),(105,'Augusto','Ruis',13,1,27,2018,0),(106,'Joaquin','Mandiola',3,1,27,2018,0),(107,'Thomas','Scolari',2,1,13,2018,0),(108,'Fabricio','Ventresca',9,1,21,2018,0),(109,'Lautaro','Napolitano',11,1,1,2018,0),(110,'Joaquin','Soria ',13,1,17,2018,0),(111,'Tobias','Zapata',9,1,23,2018,0),(112,'Ezequiel Agustin','Raineri',7,1,16,2018,0),(113,'Gaspar','Conde Etchebarne',2,1,14,2018,0),(114,'Lautaro Omar','Sosa',6,1,7,2018,0),(115,'Nelson','Franco',5,1,28,2018,0),(116,'Benjamin','Andolfatti',2,1,26,2018,0),(117,'Tobias','Lopez',10,1,26,2018,0),(118,'Martiniano','Iralur',5,1,2,2018,0),(119,'Nasif','Elia',9,5,40,2018,1),(120,'Valentin','Capuano Torres',10,2,40,2018,1),(121,'Franco','Bonilauri',14,1,40,2018,1),(122,'Benjamin','Villaryel',11,1,40,2018,1),(123,'Patricio','Peñalva',11,4,32,2018,1),(124,'David','Juarez',8,4,36,2018,1),(125,'Fermin','Loengo',10,2,36,2018,1),(126,'Leonel Adrian','Sandez',3,2,36,2018,1),(127,'Tobias ','Castellano',15,1,36,2018,1),(128,'Agustin','Acosta',10,3,41,2018,1),(129,'Martin Maximiliano','Suarez ',8,2,41,2018,1),(130,'Juan','Pelegrini Gomila',15,2,41,2018,1),(131,'Lisandro','De Arrieta Mazza ',5,1,41,2018,1),(132,'Xanti','Urra',14,1,41,2018,1),(133,'Enoc','Girado',9,3,35,2018,1),(134,'Benjamin','Saenz',8,1,35,2018,1),(135,'Valentino','Rivero',14,1,35,2018,1),(136,'Baltasar','Anselmi',2,1,35,2018,1),(137,'Joaquin','Camara',9,2,43,2018,1),(138,'Thiago','Gadea',7,2,29,2018,1),(139,'Lucas','Gomez',5,2,29,2018,1),(140,'Fausto','Penacchionni',6,1,33,2018,1),(141,'Juan Ignacio','Velazquez',15,1,37,2018,1),(142,'Mateo Exequiel','Diaz',9,1,37,2018,1),(143,'Santiago','Recci',10,1,37,2018,1),(144,'Dylan','Russo',10,1,32,2018,1),(145,'Laureano','Lamas',22,1,32,2018,1),(146,'Valentin','Herrera ',8,1,32,2018,1),(147,'Franco','Bortolotti',10,1,29,2018,1),(148,'Lionel','Bustamante ',2,1,29,2018,1),(149,'Agustin','Medina',8,1,29,2018,1),(150,'Lautaro','Lopez ',3,1,29,2018,1),(151,'Hernan','La Frossia Harisgarat',5,1,30,2018,1),(152,'Brian Ezequiel','Sanchez',7,1,43,2018,1),(153,'Joaquin','Almaraz',11,1,43,2018,1),(154,'Gonzalo','Cabalin',10,1,43,2018,1),(155,'Geronimo','Girolet',7,1,35,2018,1),(156,'Pedro','Morel',11,1,41,2018,1),(157,'Juan Jose','Amodeo',2,1,41,2018,1),(158,'Manuel','alvarez',12,1,36,2018,1),(159,'Valentino','Vitali',11,1,33,2018,1),(160,'Bautista','Serrano',7,1,33,2018,1),(161,'Mateo','Novo',8,1,33,2018,1),(162,'Martin','Freije Elorz',9,1,44,2018,1),(163,'Joaquin','Peralta',5,1,44,2018,1),(164,'Nicolas','Ferdara',10,1,44,2018,1),(165,'Renzo','Ascat',7,1,38,2018,1),(166,'Lautaro','Videla ',5,1,38,2018,1),(167,'Diego','Lopez',7,1,37,2018,1),(168,'Valentin','Bianchimmi',19,1,32,2018,1),(169,'Keylan','Mandeville',10,1,90,2019,1),(170,'Agustin','Torrisi',10,3,79,2019,1),(171,'Fermin','Llanos',2,1,79,2019,1),(172,'Iñaki','Larraburu',16,1,79,2019,1),(173,'Pedro','Lopez Sanchez',7,1,83,2019,1),(174,'Roque','Temoche',9,3,83,2019,1),(175,'Mateo','Wiemann Santos',17,1,83,2019,1),(176,'Lionel','Urtizberea',7,4,84,2019,1),(177,'Eros Alexander','Arena',9,4,77,2019,1),(178,'Juan Jose','Collado',9,4,87,2019,1),(179,'Roman','Islas',15,1,87,2019,1),(180,'Benicio Leon','Segura',9,1,86,2019,1),(181,'Julian','Guzman Ollearo',5,3,81,2019,1),(182,'Tobias','Castellano',11,3,85,2019,1),(183,'Mateo','Sarlinga Rodriguez',10,2,85,2019,1),(184,'Agustin Nicolas','Lemmi',9,5,85,2019,1),(185,'Valentin','Dini Palazzo',14,1,85,2019,1),(186,'Benjamin','Fernandez',9,3,58,2019,0),(187,'Rafael','Pichio',3,2,59,2019,0),(188,'Uriel','Conti',9,2,59,2019,0),(189,'Juan Andres','Coria',8,1,47,2019,0),(190,'Augusto','Wrobel',6,1,47,2019,0),(191,'Santiago','Villalba',4,1,49,2019,0),(192,'Ignacio','Agüero',8,4,49,2019,0),(193,'Axel','Atum',10,7,49,2019,0),(194,'Tomas','Chamorro',11,8,49,2019,0),(195,'Santiago','Alvarez',14,1,49,2019,0),(196,'Agustin','De La Cuesta',11,2,45,2019,0),(197,'Claudio','Echeverri',10,3,45,2019,0),(198,'Guillermo','Segovia',7,4,45,2019,0),(199,'Bautista','Dadin',9,15,45,2019,0),(200,'Axel','Sena',16,9,45,2019,0),(201,'Josias Emanuel','Palais',7,1,74,2019,0),(202,'Ramiro','Gonzalez',6,2,57,2019,0),(203,'Sebastian','Fiala',8,2,57,2019,0),(204,'Tomas','Tenis',5,2,57,2019,0),(205,'Emiliano Javier','Alvarez ',10,1,57,2019,0),(206,'Axel','Benites',16,5,65,2019,0),(207,'Juan Cruz','Avaca',17,7,65,2019,0),(208,'Thiago','Dolud',6,1,65,2019,0),(209,'Agustin','Sciaroni',10,2,65,2019,0),(210,'Thiago','Porra',8,4,65,2019,0),(211,'Franco','Gomez Kosarinki',9,4,65,2019,0),(212,'Maximo Enrique','Tabord',5,1,62,2019,0),(213,'Federico','Rodriguez',11,2,62,2019,0),(214,'Maximo','Gisondi',5,1,64,2019,0),(215,'Nazareno Cruz','Domecq Octavio',10,3,68,2019,0),(216,'Valentin','Migoya Bidalun',7,1,68,2019,0),(217,'Facundo Nicolas','Rosani Echandia',5,1,68,2019,0),(218,'Bautista','Murno',8,1,50,2019,0),(219,'Ramiro','Tissier',5,1,52,2019,0),(220,'Bautista','San Martin',8,5,54,2019,0),(221,'Alexis ','Devesa',9,4,54,2019,0),(222,'Benjamin','Iriart',11,2,54,2019,0),(223,'Marcos','Antunez',4,1,70,2019,0),(224,'Uriel','Lopez',10,4,70,2019,0),(225,'Mauricio','Carrizo Maher',9,12,73,2019,0),(226,'Carlos','Estigarribia Gonzalez',7,11,73,2019,0),(227,'Agustin','Armaya',17,5,73,2019,0),(228,'Gianluca','Piastrinni Gross',11,7,73,2019,0),(229,'Jeremias','Reyna',16,5,73,2019,0),(230,'Lucas','Alvarez',2,1,69,2019,0),(231,'Mateo','Marangmello',7,8,69,2019,0),(232,'Emanuel','Osuna',15,3,69,2019,0),(233,'Lucas','Pereyra',6,1,53,2019,0),(234,'Justin','Cintrone',7,1,53,2019,0),(235,'Thiago','Pintado',9,3,53,2019,0),(236,'Mathias','Albistu',10,1,53,2019,0),(237,'Dylan Tomas','Gorosito',4,1,61,2019,0),(238,'Juan','Traverso',10,4,61,2019,0),(239,'Facundo Ezequiel','Herrera',5,2,61,2019,0),(240,'Leandro Andres','Martinez',9,11,61,2019,0),(241,'Francisco','Jañez',5,2,51,2019,0),(242,'Santino','Tucci',16,3,51,2019,0),(243,'Francisco','Dis',10,3,51,2019,0),(244,'Salvador','Etchepare',9,3,51,2019,0),(245,'Martiniano','Suarez',15,1,51,2019,0),(246,'Agustin','Laturraga',17,1,78,2019,1),(247,'Felipe','Suarez Gonzalez',9,2,78,2019,1),(249,'Jeronimo','Romeo',11,3,83,2019,1),(250,'Alejo','Denaro',9,3,82,2019,1),(251,'Valentin','Borda',7,2,57,2019,0),(252,'Joel David','Gamarra',10,2,71,2019,0),(253,'Tomas','Parlapiano Ferrante',15,1,71,2019,0),(254,'Tiziano','Sosa Muscogorry',14,1,71,2019,0),(255,'Ivo','Rojas',7,1,48,2019,0),(257,'Tomas','Lilli',13,2,48,2019,0),(259,'Benjamin','Maliani',6,1,48,2019,0),(260,'Cristian','Echeverria',11,3,46,2019,0),(261,'Tiziano Lionel','Croci',5,1,73,2019,0),(262,'Agustin Fernando','Lopez',15,2,73,2019,0),(263,'Ignacio','Lopez Gomez',8,1,73,2019,0),(264,'Lucas Agustin','Pyziak',14,2,73,2019,0),(265,'Demian Lionel','Dominguez',3,2,73,2019,0),(266,'Camilo Pedro','Torres Pavletich',13,1,73,2019,0),(267,'Isaias','Ramirez',6,1,69,2019,0),(268,'Thiago','Taborda',8,2,69,2019,0),(269,'Maxi Alejo','Llanos',16,2,69,2019,0),(270,'Lautaro','Enriquez',10,1,69,2019,0),(271,'Alan','Vallejos',9,2,69,2019,0),(272,'Ignacio','Gutierrez',9,1,68,2019,0),(273,'Agustin','Lucero',9,3,63,2019,0),(274,'Simon','Pecora',3,1,63,2019,0),(275,'Dominguez','Santiago',11,1,63,2019,0),(276,'Nicanor Hernan ','de Ostazua',14,1,63,2019,0),(277,'Geronimo ','Miranda',3,1,54,2019,0),(278,'Joaquin','Ruiz',5,2,54,2019,0),(279,'Laureano','Bernazza',10,2,54,2019,0),(280,'Tomas','Copes',16,1,54,2019,0),(281,'Matias Ezequiel','Romay',11,2,56,2019,0),(282,'Tomas','Alvarez Castiloo',9,2,74,2019,0),(283,'Thiago','Cattanese',11,1,74,2019,0),(284,'Patricio','Peñalva',15,2,76,2019,0),(285,'Alejo ','Diez',10,1,58,2019,0),(286,'Juan','Gramajo',11,1,58,2019,0),(287,'Franco','Cima',15,1,60,2019,0),(288,'Lautaro','Braun',9,2,49,2019,0),(289,'Benjamin','Ridella',15,3,49,2019,0),(290,'Jonathan','Gonzalez',15,4,65,2019,0),(291,'Laureano','Elia',14,6,65,2019,0),(292,'Moices','Vega',7,6,65,2019,0),(293,'Ignacio','Ordoñez',11,1,65,2019,0),(294,'Ian Luca','Ramirez',14,3,61,2019,0),(295,'Baltazar','Blum Macias',3,3,61,2019,0),(296,'Felipe','Obradovich',11,2,61,2019,0),(297,'Ulises ','Gimenez',2,1,45,2019,0),(298,'Valentin','Lobos',6,2,90,2019,1),(299,'Valentin','Bianchini',5,2,90,2019,1),(300,'Leandro Antonio','Sorto',15,3,90,2019,1),(301,'Owen','Siraco',16,2,90,2019,1),(302,'Leonel Andres','Sandez',5,3,85,2019,1),(303,'Diego','Minciacca',15,2,85,2019,1),(304,'Juan Manuel','Arrayago',2,1,86,2019,1),(305,'Benjamin','Dangelo',11,1,79,2019,1),(306,'Luciano','D\'Onofrio',11,2,77,2019,1),(307,'Benjamin','Digaudio',7,3,81,2019,1),(308,'Matias','Barcelonna',8,1,81,2019,1),(309,'Julio Marias Leonel','Correa',9,1,81,2019,1),(310,'Carlos','Carrizo',8,2,87,2019,1),(311,'Lucas','Crocci',4,1,88,2019,1),(312,'Leonel','Flores',8,1,88,2019,1),(313,'Galo','Fogel',9,1,75,2019,0),(314,'Francisco','Moyano',9,1,76,2019,0),(315,'Maximiliano','Merlo',11,3,57,2019,0),(316,'Emiliano Javier','Alvarez',10,1,57,2019,0),(317,'Juan Maria','Maggi Bauza',16,1,63,2019,0),(318,'Jeremias Lario','Fraysse',9,1,47,2019,0),(319,'Lautaro','Rozycky',10,1,47,2019,0),(320,'Julian','Gomez',10,1,60,2019,0),(321,'Pepe Santino','Nahuel',8,2,85,2019,1),(322,'Bruno','Ismael',9,1,79,2019,1),(323,'Tiago','Vieytes',10,2,78,2019,1),(324,'Javier Ezequiel','Bustos',10,1,55,2019,0),(325,'Tomas','Hegler',11,1,67,2019,0),(326,'Bruno','Fernandez',7,1,67,2019,0),(327,'Joaquin','Calamante',6,1,84,2019,1),(328,'Elias','Tamir',8,1,53,2019,0),(329,'Axel','Cardozo',14,1,53,2019,0),(330,'Juanse','Charlier',8,1,71,2019,0),(331,'Tomas','Mariazcurrena',9,1,72,2019,0),(332,'Sergio Nahuel','Tison',7,2,61,2019,0),(333,'Lautaro Julian ','Mendieta',8,2,61,2019,0),(334,'Constantino','De Paz',6,1,49,2019,0),(335,'Thiago','Hirigoyen',7,1,49,2019,0),(336,'Fabricio','Diaz',14,3,45,2019,0),(337,'Ignacio','Zaballa',15,1,45,2019,0),(338,'Agustin','Obregon',4,2,45,2019,0),(339,'Joaquin','Flores',2,1,69,2019,0),(340,'Uriel','Rossi',10,3,77,2019,1),(341,'Maximiliano','Porcel',10,2,73,2019,0),(342,'Lucas Ramon','Gimenez Benitez',4,1,73,2019,0),(343,'Thiago Ariel','Silvero',2,1,73,2019,0),(344,'Juan Ignacio','Ferreira',16,2,61,2019,0),(345,'Maximo','Lazo',6,1,61,2019,0),(346,'Lucas','Garcias Granja',4,1,85,2019,1),(347,'Santiago','Grecco',15,1,57,2019,0),(348,'Bautista','Lippi',13,1,57,2019,0),(349,'Victoriano','Girado',7,2,82,2019,1),(350,'Bautista','Hernandez',11,1,59,2019,0),(351,'Facundo','Gonzalez',6,1,45,2019,0),(352,'Geronimo Nehuen','Inda',4,1,81,2019,1),(353,'Jose Carlos','Gioia',7,1,76,2019,0),(354,'Elias','Tamir',8,1,54,2019,0),(355,'Leonel','Lugones',11,1,75,2019,0),(356,'Thiago','Lisaso',8,2,90,2019,1),(357,'Bruno','Gomez',11,1,69,2019,0),(358,'Benjamin','Arrzeres',8,1,70,2019,0),(359,'Roberto','Faccio',16,1,50,2019,0),(360,'Gonzalo','Gomez de Saravia',8,1,59,2019,0),(361,'Axel','Gomez de Saravia',12,2,59,2019,0),(362,'Juan Cruz','Jatip',5,1,70,2019,0),(363,'Hugo','Rojas',5,1,45,2019,0),(364,'Keylan','Mandeville',10,1,90,2019,1),(365,'Alejo','Rivas',5,2,65,2019,0),(366,'Yair Ezequiel','Prezioso',5,1,81,2019,1),(367,'Luis','Iturria',7,2,113,2020,0),(368,'Alejandro','Leiva',7,1,113,2020,0),(369,'Ezequiel','Bequio',3,3,99,2020,0),(370,'Damian','Lecouna',9,5,99,2020,0),(371,'Estefano','Aguiar',8,6,99,2020,0),(372,'Agustin','Alvarez',13,3,99,2020,0),(373,'Emiliano','Bequio',16,3,99,2020,0),(374,'Ignacio','Gonzalez',18,2,99,2020,0),(375,'Ivo','Nesteruc',8,2,111,2020,0),(376,'Benjamin','Rodriguez',9,3,111,2020,0),(377,'Luis Adriano','Alvez',11,7,91,2020,0),(378,'Martin','Gransujer',9,5,91,2020,0),(379,'Nazareno Jesus','Trerotola',3,1,91,2020,0),(380,'Gonzalo','Escudero',5,7,91,2020,0),(381,'Ignacio','Milessi',7,4,91,2020,0),(382,'Leandro','Milito Benetto',17,3,91,2020,0),(383,'Alejo ','Gonzales ',8,1,104,2020,0),(384,'Bautista','Gomez ',11,2,104,2020,0),(385,' Valentin','Robles',11,2,108,2020,0),(386,'Francisco','Carreño',18,4,110,2020,0),(387,'Geronimo','Perez ',14,5,123,2020,1),(388,'Joel','Rosales ',10,2,124,2020,1),(389,'Simon','Russo ',11,1,121,2020,1),(390,'Martin','Villafañe ',9,2,122,2020,1),(391,'Bautista','Pilatti',9,1,125,2020,1),(392,'Lautaro','Cenizo',5,2,126,2020,1),(393,'Tiago','Dagata ',10,1,132,2020,1),(394,'Nazareno','Burgueño',11,2,131,2020,1),(395,'Juan','Garcia',2,1,117,2020,0),(396,'Benjamin','Ortolani',9,2,93,2020,0),(397,'Pablo Roberto','Marignac',7,1,93,2020,0),(398,'Juan Ignacio','Arenas',8,2,94,2020,0),(399,'Blas','Lopez Bertero ',3,1,107,2020,0),(400,'Lucas','Darrosa ',10,3,107,2020,0),(401,'Enzo','Sanabria ',7,4,107,2020,0),(402,' Nazareno','Cantero',16,1,107,2020,0),(403,'Agustin','Cruce ',14,2,107,2020,0),(404,'Bastian','Kessler',16,2,136,2020,1),(405,'Joaquin','Lopez',9,1,136,2020,1),(406,'Maximiliano Antonio','Soria',11,3,103,2020,0),(407,'Alexander','Funes',9,11,103,2020,0),(408,'Matias','Unyicio',4,3,103,2020,0),(409,'Lautaro Ariel','Diaz',10,3,103,2020,0),(410,'Andrew ','Pereira Quiroz',15,1,103,2020,0),(411,'Elias Carlos ','Nuñez',13,1,103,2020,0),(412,'Franco ','Mastantuono',14,4,103,2020,0),(413,'Hector Hernan','Soto',16,7,103,2020,0),(414,'Matias Leonardo','Frank',3,2,95,2020,0),(415,'Maximiliano','Quintana',9,3,95,2020,0),(416,'Luciano','Zacarias',11,1,95,2020,0),(417,'Kevin Agustin','Casco',15,1,95,2020,0),(418,'Hernan','La Frossia Harisgarat',7,1,101,2020,0),(419,'Felipe','Costa',7,2,102,2020,0),(420,'Felipe','Apaloaza',5,1,102,2020,0),(421,'Alexis Ezequiel','Cabrera',9,2,102,2020,0),(422,' Lautaro','Ferrari',10,2,119,2020,0),(423,'Emiliano','Ramon ',9,1,119,2020,0),(424,'Tomas','Mariezcurrena Monges ',9,2,120,2020,0),(425,'Lionel','Cabrera ',7,2,137,2020,1),(426,'Bautista','Cirulli ',5,1,137,2020,1),(427,'Nicolas','Ponce',11,1,130,2020,1),(428,'Luciano Valentin','Agüero',2,1,91,2020,0),(429,'Lautaro Ezequiel','Flores Gomez',8,1,91,2020,0),(430,'Bautista','Castrese Rodriguez',10,2,91,2020,0),(431,'Lucas Martin','Carrizo',9,2,117,2020,0),(432,'Ariel Ivan','Albarengo',10,1,117,2020,0),(433,'Benicio','Andre ',9,1,135,2020,1),(435,'Santiago','Mammeo ',11,2,135,2020,1),(436,'Juan Martin','Elias',13,1,101,2020,0),(437,'Roman','Rey',4,1,94,2020,0),(438,'Nasif','Elia',7,1,94,2020,0),(439,'Agustin','Farias ',7,1,122,2020,1),(440,'Agustin','Baschetto ',13,2,122,2020,1),(441,'Blas','Dragojevic ',6,1,123,2020,1),(442,'Tiziano','Viszenci',11,2,105,2020,0),(443,'Valentino','Bossio',11,3,118,2020,0),(444,'Azael ','D\'alesandro',17,6,118,2020,0),(445,'Gonzalo German','Esquivel',16,1,118,2020,0),(446,'Ariel Lautaro','Olguin Farkas',9,5,118,2020,0),(447,'Simon','Flores',10,1,125,2020,1),(448,'Maximo','Matias',13,1,108,2020,0),(449,'Juan Benjamin','Suarez Mendez',9,6,131,2020,1),(450,'Angel Bautista','Andina',10,2,131,2020,1),(451,'David Ivan','Juarez',17,4,98,2020,0),(452,'Santino Maximo','Peluffo',16,4,95,2020,0),(453,'Alan Ezequiel','Melognio',8,3,95,2020,0),(454,'Bautista','Estebez Pucheta',7,3,95,2020,0),(455,'Tobias Benjamin','Farias',14,2,95,2020,0),(456,'Benjamin Ezequiel','Zarate',5,1,95,2020,0),(457,'Rodrigo ','Gamarra Gavilan',10,3,95,2020,0),(458,'Aluaro','Prieto',8,2,132,2020,1),(459,'Agustin','Belmonte',12,1,132,2020,1),(460,'Nicolas','Malerba',11,1,114,2020,0),(461,'Ramiro','Gimenez',5,1,111,2020,0),(462,'Santiago','Ledesma',11,3,111,2020,0),(463,'Jonas','Acuña',3,3,111,2020,0),(464,'Santiago','Camero',15,2,111,2020,0),(465,'Juan','Gomez',16,5,115,2020,0),(466,'Aaron Benjamin','Centurion',9,11,115,2020,0),(467,'Alvaro','Montoro',10,12,115,2020,0),(468,'Laureano Nicolas','Torrejon',7,5,115,2020,0),(469,'Santiago','Castro ',2,1,107,2020,0),(470,'Benjamin','Vega',10,3,128,2020,1),(471,'Leon','Musumeci',16,2,128,2020,1),(472,'Valentino','Fernandez',7,1,128,2020,1),(473,'Kevin','Silva',7,3,103,2020,0),(474,'Bautista','Coronel',10,1,136,2020,1),(475,'Valentin','Eluaiza',2,1,137,2020,1),(476,'Nicolas','Rosso Jaureguiberry',4,1,98,2020,0),(477,'Santiago','Esmoris',14,1,98,2020,0),(478,'Fermin','Luengo',10,2,98,2020,0),(479,'Nicolas','Abrayan',12,1,98,2020,0),(480,'Santiago Isaias','Gabilan',5,1,98,2020,0),(481,'Joaquin','Lopez Berta',11,1,98,2020,0),(482,'Mariano','Agüero',2,1,128,2020,1),(483,'Agustin','Moreno',16,4,111,2020,0),(484,'Santiago','Gallo',7,2,111,2020,0),(485,'Renzo','Ascat',10,1,120,2020,0),(486,'Octavio ','Bertarelli',16,2,120,2020,0),(487,'Hugo Benjamin','Bidauri Guerrero ',8,1,116,2020,0),(488,'Gianfranco Josue','Heredia',9,1,116,2020,0),(489,'Nicolas ','Carmona',9,1,134,2020,1),(490,'Nicolas Agusti','Garcia Cancino',7,1,135,2020,1),(491,'Gonzalo','Pizzorno',11,2,96,2020,0),(492,'Bautista','Bruggesser',7,1,96,2020,0),(493,'Bruno','Chidichimo',8,1,96,2020,0),(494,'Alexis Benjamin','Leon Carrizo',14,2,131,2020,1),(495,'Agustin','Pereyra',7,1,129,2020,1),(496,'Santiago','Solis',16,1,110,2020,0),(497,'Tomas','Garcia ',14,1,109,2020,0),(498,'Maximiliano','Davia',15,1,91,2020,0),(499,'Dario Ariel','Colman',15,1,115,2020,0),(500,'Angel','Yutiel Susano',2,2,103,2020,0),(501,'Brian','Gutierrez',6,1,103,2020,0),(502,'Lucas Gabriel','Silva',8,2,103,2020,0),(503,'Benicio Martin','Clemente',9,1,113,2020,0),(504,'Jeronimo','Peñalva',9,5,114,2020,0),(505,'Santiago','Moranchel Alzogaray',15,1,126,2020,1),(506,'Valentino','Salmeron Callejo',9,1,126,2020,1),(507,'Joaquin','Pegurri',9,2,127,2020,1),(508,'Agustin','Puyol',14,2,128,2020,1),(509,'Blas','Durso',13,1,128,2020,1),(510,'Ramiro Joel','Enriquez',6,2,95,2020,0),(511,'Santiago','Dominguez',11,1,102,2020,0),(512,'Blas','Moyano',10,1,102,2020,0),(513,'Martin','Dagorret',4,1,102,2020,0),(514,'Martin Ezequiel ','Katulska',18,1,102,2020,0),(515,'Orion','Siraco',3,2,137,2020,1),(516,'Marcos','Louez',10,2,137,2020,1),(517,'Martiniano','Suarez',8,1,108,2020,0),(518,'Thiago','Alvez',10,4,118,2020,0),(519,'Juan Francisco','Giovachini',2,1,118,2020,0),(520,'Elvioi Bladimir','Lopez Yedro',5,2,138,2020,1),(521,'Juan Manuel','Molinuevo',4,1,134,2020,1),(522,'Lautaro','Cia',16,1,104,2020,0),(523,'Bautista','Arturo',4,1,104,2020,0),(524,'Valentino','Juarez',5,1,104,2020,0),(525,'Valentin','Hermenegildo Barroca',8,1,131,2020,1),(526,'Orlando Joel','Cabrera',3,1,131,2020,1),(527,'Enzo Patricio','Bordachar',5,1,131,2020,1),(528,'Bartolo','Leclercq',2,1,121,2020,1),(529,'Juan','Amodeo',2,1,108,2020,0),(530,'Laureano','Reder',5,1,108,2020,0),(531,'Benjamin','Aguirre',7,1,108,2020,0),(532,'Lucas','Oliferluck',7,1,125,2020,1),(533,'Martin','Bartosik',2,1,132,2020,1),(534,'Dante','Roncayoli Sagastuy',9,1,132,2020,1),(535,'Aluaro','Prieto',8,2,132,2020,1),(536,'Tomas','Galceran',11,2,115,2020,0),(537,'Thiago Nahuel','Villalba',8,1,115,2020,0),(538,'Santino','Menendez',14,1,94,2020,0),(539,'Tiago Miguel','Baez',10,1,93,2020,0),(540,'Nahuel','Gonzalez',8,1,137,2020,1),(541,'Feliciano','Miller',9,1,137,2020,1),(542,'Bautista Antonio','Perafan',14,1,136,2020,1),(543,'Thiago Ezequiel','Gaitan',5,2,136,2020,1),(544,'Matias','Brandalisse',10,3,111,2020,0),(545,'Matias','Caceres',4,1,111,2020,0),(547,'Ezequiel Julian','Almada',8,1,123,2020,1),(548,'Ciro Benjamin','Tomasone',11,1,123,2020,1),(549,'Ramiro Jonas','Pedrosa',6,1,118,2020,0),(550,'Santiago','Montoto',7,1,118,2020,0),(551,'Cristian Gabriel','Gallardo',5,1,118,2020,0),(552,'Jeremias','Gutierrez ',10,1,114,2020,0),(553,'Simon','Britos',9,1,123,2020,1),(554,'Benicio','Peralta',8,1,122,2020,1),(555,'Lautaro','Morales',10,3,99,2020,0),(556,'Pablo','Vazquez',5,1,103,2020,0),(557,'Santiago','Luberchi',2,2,111,2020,0),(558,'Ramiro','Caballero',3,1,118,2020,0),(559,'Juan Pedro','Villalba',9,1,107,2020,0),(560,'','Club Alumni Azuleño',2,2,2,NULL,NULL),(561,'Santino','Ditullio',15,2,141,2021,0),(562,'Leonel','Zandez',11,2,151,2021,0),(563,'Agustin','Lemmi',9,3,151,2021,0),(564,'Francisco','Pascual',10,2,164,2022,0),(565,'Thiago','Arias',7,1,164,2022,0),(566,'Bruno','Bedatou',6,1,166,2022,0),(567,'Giulano','Navarro',4,1,166,2022,0),(568,'Benito','Alonso',10,1,180,2022,0),(569,'Gregorio','Ghezan',9,1,180,2022,0),(570,'Benjamin','Diez',8,1,180,2022,0),(571,'Lucas Benjamin','Miguez',2,1,206,2022,1),(572,'Geronimo Daniel','Isla',5,1,206,2022,1),(573,'Bautista','Ozafran',8,1,176,2022,0),(574,'Agustin','Lissi',0,1,178,2022,0),(575,'Leandro Franco','Galli',10,1,161,2022,0),(576,'Ciro Marcos','Genazzini',7,1,161,2022,0),(577,'Efrain Samuel','Ledesma',11,3,183,2021,1),(578,'Benjamin Leonel','Ghersi',8,1,183,2021,1),(579,'Isaias Misael','Rolon',6,1,183,2021,1),(580,'Cristian','Duarte Otazu',13,2,183,2021,1),(581,'Martin','Damas',10,1,183,2021,1),(582,'Nicolas','Eloaiza',8,3,170,2022,0),(583,'Lautaro','Butkovski',0,16,155,2021,0),(584,'Agustin','Guerrero',0,3,155,2021,0),(585,'Ezequiel','Lezcano',0,3,155,2021,0),(586,'Ramiro','Rivero',0,1,155,2021,0),(587,'Jeremias ','Acosta',0,6,155,2021,0),(588,'Genaro','Amarilla',0,1,155,2021,0),(590,'Benjamin','Flores',11,1,169,2022,0),(591,'Geronimo','Perez',10,1,169,2022,0),(592,'Julian Ezequiel','Aimada',7,1,169,2022,0),(593,'Lucas','Gamietea',9,1,168,2022,0),(594,'Mateo','Gonzalez',0,6,155,2021,0),(595,'Matias','Melo',0,1,155,2021,0),(596,'Bautista','Lamas',0,3,201,2022,1),(597,'Franco','Ian',0,1,201,2022,1),(598,'Baltazar','Rosatto',8,1,189,2021,1),(599,'Leonel','Carrizo Lopez',10,5,189,2021,1),(600,'Gonzalo Nehuen','Alvarez Medina',0,2,175,2022,0),(601,'Diego Hernan','Billordo Patricio',0,8,175,2022,0),(602,'Isaias','Gutierrez',0,1,175,2022,0),(603,'Mateo Dante','Lofaro',0,4,175,2022,0),(605,'Benjamin','Ismael',0,2,148,2021,0),(606,'Felipe','Cotta',10,4,150,2021,0),(607,'Martino','Suarez',0,1,150,2021,0),(608,'Ignacio ','Ghilardi',8,3,172,2022,0),(609,'Juan Martin','Rayes',11,1,172,2022,0),(610,'Juan Ignacio','Ols',2,1,172,2022,0),(611,'Juan Cruz','Alvarez',17,1,172,2022,0),(612,'Gonzalo Ruben','Briñon',3,2,173,2022,0),(613,'Lautaro','Najurieta',0,2,207,2022,1),(614,'Santiago','Cano',0,2,204,2022,1),(615,'Cyrano','Valdivia',7,4,198,2022,1),(616,'Joaquin','Goyeneche',9,3,198,2022,1),(617,'Isaac','Auzmendi',0,5,171,2022,0),(618,'Jeremias ','Castro',0,1,171,2022,0),(619,'Antonio','Rulli',0,3,171,2022,0),(620,'Faustino','Almada',0,1,174,2022,0),(621,'Junior','Albornoz',9,6,153,2021,0),(622,'Facundo','Campomenosi',7,2,154,2021,0),(623,'Roman','Ingratta',17,1,145,2021,0),(624,'Thiago','Ismael',0,2,192,2021,1),(625,'Lucas','Fernandez',0,2,192,2021,1),(626,'Joaquin','Jaime',0,1,192,2021,1),(627,'Benjamin','Arrayago',0,3,192,2021,1),(628,'Thiago','Muino',0,1,194,2021,1),(629,'Beñat','Almeida',9,5,187,2021,1),(630,'Ivan','Berra',5,1,187,2021,1),(631,'Santiago','Fuentes',7,1,187,2021,1),(632,'Valentino','Suarez',4,1,139,2021,0),(633,'Lautaro','Moreno',5,1,139,2021,0),(634,'Bruno','Ismael',9,1,139,2021,0),(635,'Lucas','Arrigoni',10,1,142,2021,0),(636,'Bautista ','Aranda',9,1,142,2021,0),(637,'Facundo Valentin','Jayhikovski',8,2,147,2021,0),(638,'Benjamin','Romano',11,3,147,2021,0),(639,'Roman','Trino',7,1,147,2021,0),(640,'Tobias','Machado',16,3,147,2021,0),(641,'Kevin','Lugo',15,2,147,2021,0),(642,'Gaston','Bouhier',10,2,147,2021,0),(644,'Giovanni','Baroni',0,11,179,2022,0),(647,'Martino','Largui',0,2,179,2022,0),(650,'Joaquin','Mastronardi',10,1,196,2022,1),(651,'Joel','Carabajal',7,2,193,2021,1),(652,'Tomas','Ayala',10,2,193,2021,1),(653,'Manuel','Duarte',5,2,193,2021,1),(654,'Emiliano','Barrionuevo',0,2,163,2022,0),(655,'Alexander Leonel','Otero',0,4,163,2022,0),(656,'Mateo Dario','Sanchez',0,8,163,2022,0),(657,'Benjamin','Valenzuela',0,8,163,2022,0),(658,'Diego','Agüero',0,6,163,2022,0),(659,'Luciano','Gomez Mansilla',0,7,163,2022,0),(660,'Federico','Rivas',0,3,159,2022,0),(661,'Leonel ','Duran',0,8,159,2022,0),(662,'Juan ','Policella',0,9,159,2022,0),(663,'Juan','Poleana',0,2,159,2022,0),(664,'Valentino','Salmeron',0,5,159,2022,0),(665,'Renzo','De Faveri',0,6,159,2022,0),(666,'Ulises','Vallejos',0,5,159,2022,0),(667,'Juan','Sandivar Reynoso',0,1,159,2022,0),(668,'Bautista','Correa',0,1,145,2021,0),(669,'Benjamin','Sanchez',11,1,183,2021,1),(670,'Alexis Benjamin Leon','Carrizo',7,1,185,2021,1),(671,'Lisandro','Garcilazo',0,3,193,2021,1),(672,'Luciano','Arriola',8,3,193,2021,1),(673,'Maxi','Inart',16,1,193,2021,1),(674,'Wenceslao','Rivas',9,1,141,2021,0),(675,'Leonel','Cabrera',14,1,141,2021,0),(676,'Ramiro','Pasini',0,1,149,2021,0),(677,'Tomas','Rodriguez',0,2,186,2021,1),(678,'Manuel ','Mendirulu',0,1,186,2021,1),(679,'Thiago','Valencia',0,2,186,2021,1),(680,'Felipe','Dahhur',6,1,157,2021,0),(681,'Antuan','Ponce',7,3,203,2022,1),(682,'Valentin ','Trubiano',14,3,203,2022,1),(683,'Mateo','Ledesma',9,1,203,2022,1),(684,'Lorezno','Bernal',15,1,203,2022,1),(685,'Benjamin ','Luna',10,6,203,2022,1),(686,'Leonel','Lumbardo',8,1,203,2022,1),(687,'Tiziano','Zuñiga',3,2,203,2022,1),(688,'Felipe','Arbiya',0,3,196,2022,1),(689,'Francisco','Palacios',9,3,173,2022,0),(690,'Valentin','Garcia',9,1,174,2022,0),(691,'Alan ','Nieto',0,4,147,2021,0),(692,'Jeremi','Cuello',0,2,147,2021,0),(693,'Ciro','Cordero',0,1,206,2022,1),(694,'Joaquin','Gallego',0,3,206,2022,1),(695,'Tomas','Pedersen',0,1,206,2022,1),(696,'Benjamin','Vega',0,4,167,2022,0),(697,'Blas','D\'vaso',0,2,167,2022,0),(698,'Thiago','Tempone',0,1,167,2022,0),(699,'Homero Sebastian','Coronel Restelli',0,2,165,2022,0),(700,'Juan Benjamin','Suarez Mendez',0,1,165,2022,0),(701,'Santiago','Viola',0,1,166,2022,0),(702,'Agustin','Burteler',0,1,179,2022,0),(703,'Ayrton','Muñoz',0,4,179,2022,0),(704,'David','Molina',0,2,179,2022,0),(705,'Bautista','Gastaldi',0,4,179,2022,0),(706,'Lucas','Torres',0,1,208,2022,1),(707,'Juan ','Maldonado ',0,2,208,2022,1),(708,'Juan Ignacio','Aldaz',0,1,208,2022,1),(709,'Martin','Bartosick',0,1,177,2022,0),(710,'Santino','Bernadotti',0,1,178,2022,0),(711,'Adonis','Guartezola',0,2,187,2021,1),(712,'Miqueas','Lamas',0,1,201,2022,1),(713,'Roman','Nogueira',0,1,188,2021,1),(714,'Jano','Bassagaisteguy',0,1,190,2021,1),(715,'Dante','Tiberio',0,1,160,2022,0),(716,'Baltasar','Vazquez',0,1,162,2022,0),(717,'Nicolas','Garcia',0,1,182,2022,0),(718,'Agustin Leonel','Perez',0,1,182,2022,0),(719,'Santiago','Mammeo',0,2,182,2022,0),(720,'Juan ','Chobandindeguy',0,1,154,2021,0),(721,'Roque','Temoche',0,2,154,2021,0),(722,'Felipe','Palma',0,6,175,2022,0),(723,'Fabian','Escobar',0,5,175,2022,0),(724,'Agustin','Malvestiti',0,3,192,2021,1),(725,'Pedro','Gonzalez',0,2,143,2021,0),(726,'Mateo','Rodriguez',0,1,143,2021,0),(727,'Lautaro','Olivera',0,1,143,2021,0),(728,'Santiago','Aguirre',0,4,143,2021,0),(729,'Juan ','Codina',0,3,143,2021,0),(730,'Roman Agustin','Agüero Paez',0,8,143,2021,0),(732,'Mateo','Coloneri',0,3,202,2022,1),(733,'Fausto','Aguilar',0,1,202,2022,1),(734,'Bautista','Puclece',0,1,202,2022,1),(735,'Benjamin','Lenarez',0,1,202,2022,1),(736,'Joaquin','Villar',0,3,171,2022,0),(737,'Wilson','Torres',0,1,171,2022,0),(738,'Gonzalo','Acosta',0,1,171,2022,0),(739,'Ignacio','Maroni',0,1,163,2022,0),(740,'Leon Eliel','Peludero Astrada',0,5,163,2022,0),(741,'Siro','Moyano',0,3,163,2022,0),(742,'Thiago','Aguirre',0,2,159,2022,0),(743,'Genaro','Gomez Molinaro',0,2,159,2022,0),(744,'Benjamin','Giannareli',0,1,139,2021,0),(745,'Agustin','Puyol',0,1,167,2022,0),(746,'Franco','Proietto',0,1,167,2022,0),(747,'Juan Bautista','Fleckstein',0,1,189,2021,1),(748,'Jeremias','Gerez',0,3,199,2022,1),(749,'Marisa','Gomez',0,1,213,2022,2),(750,'Thiago','Flores',0,2,185,2021,1),(751,'Theo','Figueroa',0,1,185,2021,1),(752,'Benjamin','Bigorito',0,1,185,2021,1),(753,'Santino','Alvarez',0,1,160,2022,0),(754,'Alan','Cardozo',0,1,161,2022,0),(755,'Benjamin','Bazan',0,1,142,2021,0),(756,'Mateo','Sittner',0,3,186,2021,1),(757,'Santino','Mojica',0,2,201,2022,1),(758,'Rodrigo','Cabello',0,1,179,2022,0),(759,'Santino','Cabrera',0,3,206,2022,1),(760,'Federico','Indio',0,1,206,2022,1),(761,'Fausto','Lasarte',0,1,206,2022,1),(762,'Maximo','Olmos',0,1,207,2022,1),(763,'Jaime','Ascolani',0,1,168,2022,0),(764,'Eros','Ponteprimo',0,1,170,2022,0),(765,'Stefano','Mollo',0,2,170,2022,0),(766,'Facundo','Valdez',0,1,170,2022,0),(767,'Erik','Masson',0,1,170,2022,0),(768,'Benicio','Peralta',0,1,180,2022,0),(769,'Valentin','Escobar',0,2,159,2022,0),(770,'Roman Elias','Losada',0,3,159,2022,0),(771,'Nicolas','Acosta',0,1,159,2022,0),(772,'Jeremias','Biancucci',0,2,146,2021,0),(773,'Kevin','Sagripandi',0,2,146,2021,0),(774,'Jonathan','Civarolli',0,2,146,2021,0),(775,'Benjamin','Montinez',0,3,156,2021,0),(776,'Roman Ignacio','Tapia Gianini',0,4,143,2021,0),(777,'Giovanni','Rosso',0,3,143,2021,0),(778,'Bruno','Arrozeres',0,1,188,2021,1),(779,'Alan','Zarate',0,1,205,2022,1),(780,'Thiago Thomas','Ibarra',0,1,175,2022,0),(781,'Lautaro','Cortez',0,1,164,2022,0),(782,'Alejandro','Clemente',0,1,165,2022,0),(783,'Tobias','Contreras',0,3,156,2021,0),(784,'Thiago','Zarate',0,1,156,2021,0),(785,'Joaquin','Arias',0,1,156,2021,0),(786,'Jonas','Bello',0,3,156,2021,0),(787,'Nehuen','Lucero',0,2,156,2021,0),(788,'Kevin','Vesci',0,1,191,2021,1),(789,'Mateo','Nocetti',0,1,191,2021,1),(790,'Samuel','Fassio',0,1,194,2021,1),(791,'Ignacio','Paoltioni',0,1,174,2022,0),(792,'Benjamin','Guevaso',0,1,177,2022,0),(793,'Aron','Vidal',0,1,153,2021,0),(794,'Joaquin','Calvo',0,1,153,2021,0),(795,'Augusto','Blanco',0,1,171,2022,0),(796,'Jeremias','Cepeda',0,2,171,2022,0),(797,'Alexis','Trinidad',0,1,171,2022,0),(798,'Tiziano','Suarez',0,1,199,2022,1),(799,'Valentin','Blanco',0,1,199,2022,1),(800,'Matheo','Coronel',0,1,199,2022,1),(801,'Mateo','Flores',0,1,143,2021,0),(802,'Agustin','Fredes',0,1,143,2021,0),(803,'Patricio','Carrillo',0,1,143,2021,0),(804,'Alan','Torres',0,1,143,2021,0),(805,'Lionel Leandro','Leguizamon',0,6,163,2022,0),(806,'Ayrton','Ferrera',0,1,155,2021,0),(807,'Rocio','Rodriguez',0,1,214,2022,2),(808,'Jose','Basanta',0,1,196,2022,1),(809,'Santino','Juarez',0,2,198,2022,1),(810,'Maximo','Gonzalez',0,1,148,2021,0),(811,'Agustin','Federico',0,1,148,2021,0),(812,'María Lujan','Dominguez',0,6,210,2022,2),(813,'Bautista Lucas','Izquierdo',0,3,175,2022,0),(814,'Santino','Arrozeres',0,1,187,2021,1),(815,'Tiziano','Gallardo',0,1,187,2021,1),(816,'Manuel','Fernandez',0,1,198,2022,1),(817,'Gaspar','Garcia',0,1,167,2022,0),(818,'Alexander','Juarez',0,1,147,2021,0),(819,'Patricio','Torres',0,1,161,2022,0),(820,'Santiago','Ciganda',0,1,195,2022,1),(821,'Simon','Costa',0,1,203,2022,1),(822,'Valentino','Bernardotti',0,1,150,2021,0),(823,'Sebastian','Galeano',0,2,159,2022,0),(824,'Leonardo','Cristoldo',0,2,159,2022,0),(825,'Isidoro','Milloc',0,1,192,2021,1),(826,'Pablo','Cardozo',0,1,191,2021,1),(827,'Claribel','Corrado',0,1,210,2022,2),(828,'Camilia','Savedra',0,2,210,2022,2),(830,'Rocio','Perez',0,4,214,2022,2),(831,'Kevin','Rodriguez',0,1,202,2022,1),(832,'Jeronimo','Solimto',0,1,195,2022,1),(833,'Santiago','Creparula',0,1,195,2022,1),(834,'Santiago','Villarruel',0,2,175,2022,0),(835,'Bautista','Lamas',0,2,175,2021,0),(839,'Jeronimo','Romeo',0,1,154,2021,0),(840,'Martin','Dagorret',0,1,150,2021,0),(841,'Micaela','Nieto',0,1,214,2022,2),(842,'Magali',' ',0,1,214,2022,2),(843,'Mateo','Espinda',0,1,179,2022,0),(844,'Tomas','Ayala',0,1,189,2021,1),(845,'Luciano','Gomez',0,1,163,2022,0),(846,'Lautaro','Campos',0,1,163,2022,0),(847,'Roman','Pringles',0,1,186,2021,1),(848,'Melina','Castro',0,1,214,2022,2),(849,'Tiziana','Merlo',0,2,214,2022,2),(850,'Juan','Codina',0,1,143,2021,0),(851,'Iñaki','Arrastua',0,1,203,2022,1),(852,'Evelyn','Dominguez',0,1,210,2022,2);
/*!40000 ALTER TABLE `goleadores` ENABLE KEYS */;
UNLOCK TABLES;

--
-- Table structure for table `juega`
--

DROP TABLE IF EXISTS `juega`;
/*!40101 SET @saved_cs_client     = @@character_set_client */;
/*!40101 SET character_set_client = utf8 */;
CREATE TABLE `juega` (
  `id_partido` int(2) NOT NULL AUTO_INCREMENT,
  `id_equipoUno` int(2) NOT NULL,
  `id_equipoDos` int(2) NOT NULL,
  `golesLocal` int(2) NOT NULL DEFAULT '-1',
  `golesVisitante` int(2) NOT NULL DEFAULT '-1',
  `penalesLocal` int(2) NOT NULL DEFAULT '-1',
  `penalesVisitante` int(2) NOT NULL DEFAULT '-1',
  `id_grupo` int(1) DEFAULT NULL,
  `instancia` varchar(3) DEFAULT NULL,
  `anio` int(4) DEFAULT NULL,
  `torneo` tinyint(1) DEFAULT NULL,
  `dia` datetime DEFAULT NULL,
  `cancha` varchar(4) DEFAULT NULL,
  PRIMARY KEY (`id_partido`),
  KEY `id_equipoUno` (`id_equipoUno`),
  KEY `id_equipoDos` (`id_equipoDos`),
  CONSTRAINT `juega_ibfk_1` FOREIGN KEY (`id_equipoUno`) REFERENCES `equipo` (`id`),
  CONSTRAINT `juega_ibfk_2` FOREIGN KEY (`id_equipoDos`) REFERENCES `equipo` (`id`)
) ENGINE=InnoDB AUTO_INCREMENT=492 DEFAULT CHARSET=latin1;
/*!40101 SET character_set_client = @saved_cs_client */;

--
-- Dumping data for table `juega`
--

LOCK TABLES `juega` WRITE;
/*!40000 ALTER TABLE `juega` DISABLE KEYS */;
INSERT INTO `juega` VALUES (1,2,4,0,1,-1,-1,1,NULL,2018,0,'2018-02-07 00:00:00',NULL),(2,1,3,9,0,-1,-1,1,NULL,2018,0,'2018-02-07 00:00:00',NULL),(3,1,2,2,0,-1,-1,1,NULL,2018,0,'2018-02-07 00:00:00',NULL),(4,3,4,1,4,-1,-1,1,NULL,2018,0,'2018-02-07 00:00:00',NULL),(5,1,4,2,0,-1,-1,1,NULL,2018,0,'2018-02-07 00:00:00',NULL),(6,2,3,1,0,-1,-1,1,NULL,2018,0,'2018-02-07 00:00:00',NULL),(7,5,7,4,1,-1,-1,2,NULL,2018,0,'2018-02-07 00:00:00',NULL),(8,6,8,4,1,-1,-1,2,NULL,2018,0,'2018-02-07 00:00:00',NULL),(9,6,7,1,0,-1,-1,2,NULL,2018,0,'2018-02-07 00:00:00',NULL),(10,5,8,12,1,-1,-1,2,NULL,2018,0,'2018-02-07 00:00:00',NULL),(11,7,8,2,2,-1,-1,2,NULL,2018,0,'2018-02-07 00:00:00',NULL),(12,5,6,11,0,-1,-1,2,NULL,2018,0,'2018-02-07 00:00:00',NULL),(13,10,11,0,3,-1,-1,3,NULL,2018,0,'2018-02-07 00:00:00',NULL),(14,9,12,10,0,-1,-1,3,NULL,2018,0,'2018-02-07 00:00:00',NULL),(15,11,12,3,3,-1,-1,3,NULL,2018,0,'2018-02-07 00:00:00',NULL),(16,9,10,7,0,-1,-1,3,NULL,2018,0,'2018-02-07 00:00:00',NULL),(17,9,11,8,0,-1,-1,3,NULL,2018,0,'2018-02-07 00:00:00',NULL),(18,10,12,1,1,-1,-1,3,NULL,2018,0,'2018-02-07 00:00:00',NULL),(19,13,14,11,0,-1,-1,4,NULL,2018,0,'2018-02-07 00:00:00',NULL),(20,15,16,2,0,-1,-1,4,NULL,2018,0,'2018-02-07 00:00:00',NULL),(21,14,15,1,3,-1,-1,4,NULL,2018,0,'2018-02-07 00:00:00',NULL),(22,13,16,7,0,-1,-1,4,NULL,2018,0,'2018-02-07 00:00:00',NULL),(23,14,16,1,1,-1,-1,4,NULL,2018,0,'2018-02-07 00:00:00',NULL),(24,13,15,7,0,-1,-1,4,NULL,2018,0,'2018-02-07 00:00:00',NULL),(25,18,19,1,1,-1,-1,5,NULL,2018,0,'2018-02-07 00:00:00',NULL),(26,17,20,5,0,-1,-1,5,NULL,2018,0,'2018-02-07 00:00:00',NULL),(27,17,18,3,0,-1,-1,5,NULL,2018,0,'2018-02-07 00:00:00',NULL),(28,19,20,1,0,-1,-1,5,NULL,2018,0,'2018-02-07 00:00:00',NULL),(29,18,20,3,0,-1,-1,5,NULL,2018,0,'2018-02-07 00:00:00',NULL),(30,17,19,6,0,-1,-1,5,NULL,2018,0,'2018-02-07 00:00:00',NULL),(31,23,24,2,3,-1,-1,6,NULL,2018,0,'2018-02-07 00:00:00',NULL),(32,21,22,9,0,-1,-1,6,NULL,2018,0,'2018-02-07 00:00:00',NULL),(33,22,23,2,0,-1,-1,6,NULL,2018,0,'2018-02-07 00:00:00',NULL),(34,21,24,3,0,-1,-1,6,NULL,2018,0,'2018-02-07 00:00:00',NULL),(35,22,24,0,0,-1,-1,6,NULL,2018,0,'2018-02-07 00:00:00',NULL),(36,21,23,9,0,-1,-1,6,NULL,2018,0,'2018-02-07 00:00:00',NULL),(37,27,28,1,0,-1,-1,7,NULL,2018,0,'2018-02-07 00:00:00',NULL),(38,25,26,11,0,-1,-1,7,NULL,2018,0,'2018-02-07 00:00:00',NULL),(39,26,27,0,8,-1,-1,7,NULL,2018,0,'2018-02-07 00:00:00',NULL),(40,25,28,4,1,-1,-1,7,NULL,2018,0,'2018-02-07 00:00:00',NULL),(41,25,27,5,0,-1,-1,7,NULL,2018,0,'2018-02-07 00:00:00',NULL),(42,26,28,2,7,-1,-1,7,NULL,2018,0,'2018-02-07 00:00:00',NULL),(43,5,22,10,0,-1,-1,NULL,'o',2018,0,'2018-02-07 00:00:00',NULL),(44,9,19,2,0,-1,-1,NULL,'o',2018,0,'2018-02-07 00:00:00',NULL),(45,13,11,9,0,-1,-1,NULL,'o',2018,0,'2018-02-07 00:00:00',NULL),(46,21,24,1,1,6,5,NULL,'o',2018,0,'2018-02-07 00:00:00',NULL),(47,25,18,6,0,-1,-1,NULL,'o',2018,0,'2018-02-07 00:00:00',NULL),(48,17,6,2,0,-1,-1,NULL,'o',2018,0,'2018-02-07 00:00:00',NULL),(49,1,15,1,0,-1,-1,NULL,'o',2018,0,'2018-02-07 00:00:00',NULL),(50,27,4,1,0,-1,-1,NULL,'o',2018,0,'2018-02-07 00:00:00',NULL),(51,5,27,10,0,-1,-1,NULL,'c',2018,0,'2018-02-07 00:00:00',NULL),(52,9,1,0,0,2,3,NULL,'c',2018,0,'2018-02-07 00:00:00',NULL),(53,13,17,1,3,-1,-1,NULL,'c',2018,0,'2018-02-07 00:00:00',NULL),(54,21,25,4,1,-1,-1,NULL,'c',2018,0,'2018-02-07 00:00:00',NULL),(55,5,21,0,0,4,5,NULL,'s',2018,0,'2018-02-07 00:00:00',NULL),(56,1,17,1,2,-1,-1,NULL,'s',2018,0,'2018-02-07 00:00:00',NULL),(57,25,27,4,0,-1,-1,NULL,'7',2018,0,'2018-02-07 00:00:00',NULL),(58,9,13,2,0,-1,-1,NULL,'5',2018,0,'2018-02-07 00:00:00',NULL),(59,5,1,1,1,5,3,NULL,'t',2018,0,'2018-02-07 00:00:00',NULL),(60,21,17,0,2,-1,-1,NULL,'f',2018,0,'2018-02-07 00:00:00',NULL),(61,28,28,0,0,1,0,NULL,'ccp',2018,0,'2018-02-07 00:00:00',NULL),(62,2,26,4,0,-1,-1,NULL,'ccp',2018,0,'2018-02-07 00:00:00',NULL),(63,12,8,0,5,-1,-1,NULL,'ccp',2018,0,'2018-02-07 00:00:00',NULL),(64,7,16,2,0,-1,-1,NULL,'ccp',2018,0,'2018-02-07 00:00:00',NULL),(65,28,7,0,1,-1,-1,NULL,'scp',2018,0,'2018-02-07 00:00:00',NULL),(66,2,8,0,1,-1,-1,NULL,'scp',2018,0,'2018-02-07 00:00:00',NULL),(67,7,8,1,0,-1,-1,NULL,'fcp',2018,0,'2018-02-07 00:00:00',NULL),(68,29,32,0,1,-1,-1,1,NULL,2018,1,'2018-02-07 00:00:00',NULL),(69,30,31,2,0,-1,-1,1,NULL,2018,1,'2018-02-07 00:00:00',NULL),(70,31,32,0,6,-1,-1,1,NULL,2018,1,'2018-02-07 00:00:00',NULL),(71,29,30,1,0,-1,-1,1,NULL,2018,1,'2018-02-07 00:00:00',NULL),(72,30,32,1,1,-1,-1,1,NULL,2018,1,'2018-02-07 00:00:00',NULL),(73,29,31,7,0,-1,-1,1,NULL,2018,1,'2018-02-07 00:00:00',NULL),(74,33,36,1,4,-1,-1,2,NULL,2018,1,'2018-02-07 00:00:00',NULL),(75,34,35,0,2,-1,-1,2,NULL,2018,1,'2018-02-07 00:00:00',NULL),(76,33,34,2,0,-1,-1,2,NULL,2018,1,'2018-02-07 00:00:00',NULL),(77,33,35,0,2,-1,-1,2,NULL,2018,1,'2018-02-07 00:00:00',NULL),(78,34,36,0,2,-1,-1,2,NULL,2018,1,'2018-02-07 00:00:00',NULL),(79,35,36,0,1,-1,-1,2,NULL,2018,1,'2018-02-07 00:00:00',NULL),(80,39,40,0,0,-1,-1,3,NULL,2018,1,'2018-02-07 00:00:00',NULL),(81,37,38,1,0,-1,-1,3,NULL,2018,1,'2018-02-07 00:00:00',NULL),(82,37,40,0,1,-1,-1,3,NULL,2018,1,'2018-02-07 00:00:00',NULL),(83,38,39,2,0,-1,-1,3,NULL,2018,1,'2018-02-07 00:00:00',NULL),(84,37,39,3,0,-1,-1,3,NULL,2018,1,'2018-02-07 00:00:00',NULL),(85,38,40,0,3,-1,-1,3,NULL,2018,1,'2018-02-07 00:00:00',NULL),(86,42,43,0,3,-1,-1,4,NULL,2018,1,'2018-02-07 00:00:00',NULL),(87,41,44,4,0,-1,-1,4,NULL,2018,1,'2018-02-07 00:00:00',NULL),(88,42,44,0,2,-1,-1,4,NULL,2018,1,'2018-02-07 00:00:00',NULL),(89,43,44,2,1,-1,-1,4,NULL,2018,1,'2018-02-07 00:00:00',NULL),(90,41,42,3,0,-1,-1,4,NULL,2018,1,'2018-02-07 00:00:00',NULL),(91,41,43,2,0,-1,-1,4,NULL,2018,1,'2018-02-07 00:00:00',NULL),(92,41,43,3,0,-1,-1,NULL,'c',2018,1,'2018-02-07 00:00:00',NULL),(93,36,37,2,0,-1,-1,NULL,'c',2018,1,'2018-02-07 00:00:00',NULL),(94,32,35,2,2,1,2,NULL,'c',2018,1,'2018-02-07 00:00:00',NULL),(95,40,29,0,0,2,0,NULL,'c',2018,1,'2018-02-07 00:00:00',NULL),(96,41,40,0,3,-1,-1,NULL,'s',2018,1,'2018-02-07 00:00:00',NULL),(97,36,35,1,0,-1,-1,NULL,'s',2018,1,'2018-02-07 00:00:00',NULL),(98,41,35,0,3,-1,-1,NULL,'t',2018,1,'2018-02-07 00:00:00',NULL),(99,40,36,2,0,-1,-1,NULL,'f',2018,1,'2018-02-07 00:00:00',NULL),(100,30,30,0,0,1,0,NULL,'scp',2018,1,'2018-02-07 00:00:00',NULL),(101,38,33,0,1,-1,-1,NULL,'scp',2018,1,'2018-02-07 00:00:00',NULL),(102,30,33,0,0,1,0,NULL,'fcp',2018,1,'2018-02-07 00:00:00',NULL),(103,47,46,2,0,-1,-1,1,NULL,2019,0,'2019-02-13 16:10:00',NULL),(104,45,48,12,0,-1,-1,1,NULL,2019,0,'2019-02-13 18:30:00',NULL),(105,48,46,3,3,-1,-1,1,NULL,2019,0,'2019-02-14 16:10:00',NULL),(106,45,47,2,0,-1,-1,1,NULL,2019,0,'2019-02-14 22:00:00',NULL),(107,47,48,2,1,-1,-1,1,NULL,2019,0,'2019-02-15 16:10:00',NULL),(108,45,46,15,0,-1,-1,1,NULL,2019,0,'2019-02-15 18:30:00',NULL),(109,49,51,5,0,-1,-1,2,NULL,2019,0,'2019-02-13 17:20:00',NULL),(110,50,52,1,1,-1,-1,2,NULL,2019,0,'2019-02-13 18:30:00',NULL),(111,51,50,7,0,-1,-1,2,NULL,2019,0,'2019-02-14 15:00:00',NULL),(112,49,52,16,0,-1,-1,2,NULL,2019,0,'2019-02-14 17:20:00',NULL),(113,51,52,5,0,-1,-1,2,NULL,2019,0,'2019-02-15 15:00:00',NULL),(114,49,50,6,0,-1,-1,2,NULL,2019,0,'2019-02-15 18:30:00',NULL),(115,54,55,5,0,-1,-1,3,NULL,2019,0,'2019-02-13 15:00:00',NULL),(116,53,56,5,0,-1,-1,3,NULL,2019,0,'2019-02-13 19:40:00',NULL),(117,54,56,8,2,-1,-1,3,NULL,2019,0,'2019-02-14 16:10:00',NULL),(118,53,55,1,0,-1,-1,3,NULL,2019,0,'2019-02-14 18:30:00',NULL),(119,53,54,2,3,-1,-1,3,NULL,2019,0,'2019-02-15 17:20:00',NULL),(120,55,56,1,0,-1,-1,3,NULL,2019,0,'2019-02-15 17:20:00',NULL),(121,58,59,1,2,-1,-1,4,NULL,2019,0,'2019-02-13 15:00:00',NULL),(122,57,60,5,0,-1,-1,4,NULL,2019,0,'2019-02-13 17:20:00',NULL),(123,57,59,1,0,-1,-1,4,NULL,2019,0,'2019-02-14 16:10:00',NULL),(124,58,60,4,1,-1,-1,4,NULL,2019,0,'2019-02-14 18:30:00',NULL),(125,57,58,2,0,-1,-1,4,NULL,2019,0,'2019-02-15 16:10:00',NULL),(126,59,60,0,1,-1,-1,4,NULL,2019,0,'2019-02-15 16:10:00',NULL),(127,62,64,2,1,-1,-1,5,NULL,2019,0,'2019-02-13 16:10:00',NULL),(128,61,63,4,0,-1,-1,5,NULL,2019,0,'2019-02-13 20:50:00',NULL),(129,64,63,0,4,-1,-1,5,NULL,2019,0,'2019-02-14 17:20:00',NULL),(130,61,62,10,0,-1,-1,5,NULL,2019,0,'2019-02-14 20:50:00',NULL),(131,62,63,0,3,-1,-1,5,NULL,2019,0,'2019-02-15 16:10:00',NULL),(132,61,64,16,0,-1,-1,5,NULL,2019,0,'2019-02-15 18:30:00',NULL),(133,66,68,0,4,-1,-1,6,NULL,2019,0,'2019-02-13 17:20:00',NULL),(134,65,67,10,0,-1,-1,6,NULL,2019,0,'2019-02-13 18:30:00',NULL),(135,67,68,0,2,-1,-1,6,NULL,2019,0,'2019-02-14 16:10:00',NULL),(136,65,66,14,0,-1,-1,6,NULL,2019,0,'2019-02-14 18:30:00',NULL),(137,67,66,3,0,-1,-1,6,NULL,2019,0,'2019-02-15 17:20:00',NULL),(138,65,68,7,0,-1,-1,6,NULL,2019,0,'2019-02-15 17:20:00',NULL),(139,70,72,3,0,-1,-1,7,NULL,2019,0,'2019-02-13 16:10:00',NULL),(140,69,71,4,0,-1,-1,7,NULL,2019,0,'2019-02-13 18:30:00',NULL),(141,70,71,1,3,-1,-1,7,NULL,2019,0,'2019-02-14 15:00:00',NULL),(142,69,72,11,0,-1,-1,7,NULL,2019,0,'2019-02-14 18:30:00',NULL),(143,71,72,2,1,-1,-1,7,NULL,2019,0,'2019-02-15 18:30:00',NULL),(144,69,70,3,0,-1,-1,7,NULL,2019,0,'2019-02-15 20:50:00',NULL),(145,75,74,1,1,-1,-1,8,NULL,2019,0,'2019-02-13 16:10:00',NULL),(146,73,76,13,0,-1,-1,8,NULL,2019,0,'2019-02-13 17:20:00',NULL),(147,73,75,19,0,-1,-1,8,NULL,2019,0,'2019-02-14 17:20:00',NULL),(148,74,76,3,1,-1,-1,8,NULL,2019,0,'2019-02-14 17:20:00',NULL),(149,75,76,1,1,-1,-1,8,NULL,2019,0,'2019-02-15 15:00:00',NULL),(150,73,74,3,0,-1,-1,8,NULL,2019,0,'2019-02-15 19:40:00',NULL),(151,77,78,1,0,-1,-1,1,NULL,2019,1,'2019-02-13 15:00:00',NULL),(152,79,80,4,0,-1,-1,1,NULL,2019,1,'2019-02-13 17:20:00',NULL),(153,80,78,0,2,-1,-1,1,NULL,2019,1,'2019-02-14 16:10:00',NULL),(154,79,77,2,1,-1,-1,1,NULL,2019,1,'2019-02-14 18:30:00',NULL),(155,80,77,0,4,-1,-1,1,NULL,2019,1,'2019-02-15 17:20:00',NULL),(156,79,78,1,1,-1,-1,1,NULL,2019,1,'2019-02-15 17:20:00',NULL),(157,82,81,0,3,-1,-1,2,NULL,2019,1,'2019-02-13 17:20:00',NULL),(158,83,84,4,1,-1,-1,2,NULL,2019,1,'2019-02-13 18:30:00',NULL),(159,83,82,2,1,-1,-1,2,NULL,2019,1,'2019-02-14 15:00:00',NULL),(160,84,81,0,5,-1,-1,2,NULL,2019,1,'2019-02-14 17:20:00',NULL),(161,84,82,1,1,-1,-1,2,NULL,2019,1,'2019-02-15 18:30:00',NULL),(162,83,81,1,0,-1,-1,2,NULL,2019,1,'2019-02-15 18:30:00',NULL),(163,86,87,1,3,-1,-1,3,NULL,2019,1,'2019-02-13 16:10:00',NULL),(164,85,86,2,1,-1,-1,3,NULL,2019,1,'2019-02-14 17:20:00',NULL),(165,87,85,0,6,-1,-1,3,NULL,2019,1,'2019-02-15 16:10:00',NULL),(166,88,90,0,1,-1,-1,4,NULL,2019,1,'2019-02-13 16:10:00',NULL),(167,90,89,5,0,-1,-1,4,NULL,2019,1,'2019-02-14 16:10:00',NULL),(168,88,89,1,0,-1,-1,4,NULL,2019,1,'2019-02-15 16:10:00',NULL),(169,85,89,4,0,-1,-1,NULL,'iz',2019,1,'2019-02-13 18:30:00',NULL),(170,87,88,3,1,-1,-1,NULL,'iz',2019,1,'2019-02-14 18:30:00',NULL),(171,86,90,0,3,-1,-1,NULL,'iz',2019,1,'2019-02-15 15:00:00',NULL),(172,61,71,5,0,-1,-1,NULL,'o',2019,0,'2019-02-16 08:40:00',NULL),(173,73,58,15,0,-1,-1,NULL,'o',2019,0,'2019-02-16 08:40:00',NULL),(174,57,51,4,0,-1,-1,NULL,'o',2019,0,'2019-02-16 09:00:00',NULL),(175,65,74,5,0,-1,-1,NULL,'o',2019,0,'2019-02-16 09:50:00',NULL),(176,45,68,8,0,-1,-1,NULL,'o',2019,0,'2019-02-16 09:50:00',NULL),(177,54,53,1,0,-1,-1,NULL,'o',2019,0,'2019-02-16 10:10:00',NULL),(178,49,47,1,0,-1,-1,NULL,'o',2019,0,'2019-02-16 11:00:00',NULL),(179,69,63,3,0,-1,-1,NULL,'o',2019,0,'2019-02-16 11:00:00',NULL),(180,59,76,2,2,4,3,NULL,'ccp',2019,0,'2019-02-16 09:30:00',NULL),(181,55,75,0,1,-1,-1,NULL,'ccp',2019,0,'2019-02-16 10:30:00',NULL),(182,62,67,1,0,-1,-1,NULL,'ccp',2019,0,'2019-02-16 11:30:00',NULL),(183,70,50,1,1,4,2,NULL,'ccp',2019,0,'2019-02-16 12:10:00',NULL),(184,85,88,3,0,-1,-1,NULL,'c',2019,1,'2019-02-16 08:40:00',NULL),(185,79,81,0,1,-1,-1,NULL,'c',2019,1,'2019-02-16 09:50:00',NULL),(186,90,87,3,0,-1,-1,NULL,'c',2019,1,'2019-02-16 11:00:00',NULL),(187,83,77,1,1,1,3,NULL,'c',2019,1,'2019-02-16 11:00:00',NULL),(188,82,86,3,0,-1,-1,NULL,'scp',2019,1,'2019-02-16 09:00:00',NULL),(189,78,84,2,3,-1,-1,NULL,'scp',2019,1,'2019-02-16 10:00:00',NULL),(190,82,84,0,0,2,3,NULL,'fcp',2019,1,'2019-02-16 17:00:00',NULL),(191,73,57,2,0,-1,-1,NULL,'c',2019,0,'2019-02-16 17:00:00',NULL),(192,65,54,2,0,-1,-1,NULL,'c',2019,0,'2019-02-16 18:10:00',NULL),(193,61,69,0,0,5,4,NULL,'c',2019,0,'2019-02-16 19:20:00',NULL),(194,45,49,2,0,-1,-1,NULL,'c',2019,0,'2019-02-16 20:30:00',NULL),(195,85,81,4,0,-1,-1,NULL,'s',2019,1,'2019-02-17 10:00:00',NULL),(196,90,77,1,0,-1,-1,NULL,'s',2019,1,'2019-02-17 11:10:00',NULL),(197,59,62,3,0,-1,-1,NULL,'scp',2019,0,'2019-02-16 17:00:00',NULL),(198,75,70,0,1,-1,-1,NULL,'scp',2019,0,'2019-02-16 18:00:00',NULL),(199,59,70,1,1,2,4,NULL,'fcp',2019,0,'2019-02-17 09:00:00',NULL),(200,73,45,0,2,-1,-1,NULL,'s',2019,0,'2019-02-17 10:00:00',NULL),(201,65,61,3,0,-1,-1,NULL,'s',2019,0,'2019-02-17 11:10:00',NULL),(202,54,57,1,3,-1,-1,NULL,'7',2019,0,'2019-02-17 15:50:00',NULL),(203,49,69,0,2,-1,-1,NULL,'5',2019,0,'2019-02-17 17:00:00',NULL),(204,77,81,2,2,4,3,NULL,'t',2019,1,'2019-02-17 16:00:00',NULL),(205,85,90,0,0,2,3,NULL,'f',2019,1,'2019-02-17 17:15:00',NULL),(206,73,61,1,1,2,3,NULL,'t',2019,0,'2019-02-17 18:10:00',NULL),(207,45,65,2,1,-1,-1,NULL,'f',2019,0,'2019-02-17 19:30:00',NULL),(208,91,92,10,0,-1,-1,1,NULL,2020,0,'2020-02-12 16:20:00',NULL),(209,93,94,2,1,-1,-1,1,NULL,2020,0,'2020-02-12 17:30:00',NULL),(210,91,93,8,0,-1,-1,1,NULL,2020,0,'2020-02-13 14:00:00',NULL),(211,92,94,0,3,-1,-1,1,NULL,2020,0,'2020-02-13 15:10:00',NULL),(212,91,94,8,0,-1,-1,1,NULL,2020,0,'2020-02-14 15:10:00',NULL),(213,92,93,0,1,-1,-1,1,NULL,2020,0,'2020-02-14 16:20:00',NULL),(214,95,96,4,0,-1,-1,2,NULL,2020,0,'2020-02-12 19:50:00',NULL),(215,96,98,0,4,-1,-1,2,NULL,2020,0,'2020-02-13 16:20:00',NULL),(216,95,97,10,0,-1,-1,2,NULL,2020,0,'2020-02-13 17:30:00',NULL),(217,97,98,0,7,-1,-1,2,NULL,2020,0,'2020-02-14 10:00:00',NULL),(218,96,97,4,0,-1,-1,2,NULL,2020,0,'2020-02-14 14:00:00',NULL),(219,95,98,5,0,-1,-1,2,NULL,2020,0,'2020-02-14 17:30:00',NULL),(220,99,100,11,0,-1,-1,3,NULL,2020,0,'2020-02-12 14:00:00',NULL),(221,101,102,1,4,-1,-1,3,NULL,2020,0,'2020-02-12 18:40:00',NULL),(222,100,101,0,1,-1,-1,3,NULL,2020,0,'2020-02-13 14:00:00',NULL),(223,99,102,4,0,-1,-1,3,NULL,2020,0,'2020-02-13 15:10:00',NULL),(224,100,102,0,5,-1,-1,3,NULL,2020,0,'2020-02-14 17:30:00',NULL),(225,99,101,5,0,-1,-1,3,NULL,2020,0,'2020-02-14 21:00:00',NULL),(226,104,105,2,0,-1,-1,4,NULL,2020,0,'2020-02-12 15:10:00',NULL),(227,103,106,13,0,-1,-1,4,NULL,2020,0,'2020-02-12 18:40:00',NULL),(228,105,106,2,0,-1,-1,4,NULL,2020,0,'2020-02-13 15:10:00',NULL),(229,103,104,5,0,-1,-1,4,NULL,2020,0,'2020-02-14 10:00:00',NULL),(230,103,105,12,0,-1,-1,4,NULL,2020,0,'2020-02-14 16:20:00',NULL),(231,104,106,4,0,-1,-1,4,NULL,2020,0,'2020-02-14 18:40:00',NULL),(232,108,110,1,1,-1,-1,5,NULL,2020,0,'2020-02-12 16:20:00',NULL),(233,107,109,5,0,-1,-1,5,NULL,2020,0,'2020-02-12 17:30:00',NULL),(234,108,109,2,0,-1,-1,5,NULL,2020,0,'2020-02-13 17:30:00',NULL),(235,107,110,1,0,-1,-1,5,NULL,2020,0,'2020-02-13 18:40:00',NULL),(236,109,110,1,5,-1,-1,5,NULL,2020,0,'2020-02-14 15:10:00',NULL),(237,107,108,4,1,-1,-1,5,NULL,2020,0,'2020-02-14 17:30:00',NULL),(238,112,113,0,3,-1,-1,6,NULL,2020,0,'2020-02-12 14:00:00',NULL),(239,111,114,2,0,-1,-1,6,NULL,2020,0,'2020-02-12 15:10:00',NULL),(240,112,114,0,1,-1,-1,6,NULL,2020,0,'2020-02-13 17:30:00',NULL),(241,111,113,4,0,-1,-1,6,NULL,2020,0,'2020-02-13 18:40:00',NULL),(242,113,114,1,1,-1,-1,6,NULL,2020,0,'2020-02-14 16:20:00',NULL),(243,111,112,8,0,-1,-1,6,NULL,2020,0,'2020-02-14 14:00:00',NULL),(244,116,117,0,1,-1,-1,7,NULL,2020,0,'2020-02-12 17:30:00',NULL),(245,115,116,10,0,-1,-1,7,NULL,2020,0,'2020-02-13 16:20:00',NULL),(246,115,117,9,0,-1,-1,7,NULL,2020,0,'2020-02-14 15:10:00',NULL),(247,119,120,2,1,-1,-1,8,NULL,2020,0,'2020-02-13 09:00:00',NULL),(248,118,120,6,0,-1,-1,8,NULL,2020,0,'2020-02-13 16:20:00',NULL),(249,118,119,5,0,-1,-1,8,NULL,2020,0,'2020-02-14 18:40:00',NULL),(250,115,118,1,0,-1,-1,NULL,'iz',2020,0,'2020-02-12 21:00:00',NULL),(251,119,117,0,3,-1,-1,NULL,'iz',2020,0,'2020-02-13 14:00:00',NULL),(252,116,120,2,3,-1,-1,NULL,'iz',2020,0,'2020-02-14 14:00:00',NULL),(253,123,124,1,1,-1,-1,1,NULL,2020,1,'2020-02-12 14:00:00',NULL),(254,121,122,1,1,-1,-1,1,NULL,2020,1,'2020-02-12 16:20:00',NULL),(255,121,124,0,1,-1,-1,1,NULL,2020,1,'2020-02-13 15:10:00',NULL),(256,122,123,2,2,-1,-1,1,NULL,2020,1,'2020-02-13 15:10:00',NULL),(257,121,123,0,1,-1,-1,1,NULL,2020,1,'2020-02-14 14:00:00',NULL),(258,122,124,1,0,-1,-1,1,NULL,2020,1,'2020-02-14 17:30:00',NULL),(259,125,126,1,1,-1,-1,2,NULL,2020,1,'2020-02-12 17:30:00',NULL),(260,125,127,1,0,-1,-1,2,NULL,2020,1,'2020-02-13 16:20:00',NULL),(261,126,128,1,1,-1,-1,2,NULL,2020,1,'2020-02-14 13:00:00',NULL),(262,127,128,0,5,-1,-1,2,NULL,2020,1,'2020-02-14 09:00:00',NULL),(263,125,128,0,2,-1,-1,2,NULL,2020,1,'2020-02-14 16:20:00',NULL),(264,126,127,2,2,-1,-1,2,NULL,2020,1,'2020-02-14 16:20:00',NULL),(265,131,132,1,1,-1,-1,3,NULL,2020,1,'2020-02-12 17:30:00',NULL),(266,129,130,0,1,-1,-1,3,NULL,2020,1,'2020-02-13 11:00:00',NULL),(267,129,132,0,3,-1,-1,3,NULL,2020,1,'2020-02-13 16:20:00',NULL),(268,130,131,0,2,-1,-1,3,NULL,2020,1,'2020-02-13 17:30:00',NULL),(269,129,131,1,6,-1,-1,3,NULL,2020,1,'2020-02-14 15:10:00',NULL),(270,130,132,0,0,-1,-1,3,NULL,2020,1,'2020-02-14 18:40:00',NULL),(271,133,134,0,0,-1,-1,4,NULL,2020,1,'2020-02-12 16:20:00',NULL),(272,133,135,0,2,-1,-1,4,NULL,2020,1,'2020-02-13 14:00:00',NULL),(273,134,135,1,2,-1,-1,4,NULL,2020,1,'2020-02-14 14:00:00',NULL),(274,137,138,4,0,-1,-1,5,NULL,2020,1,'2020-02-13 10:00:00',NULL),(275,136,137,1,1,-1,-1,5,NULL,2020,1,'2020-02-14 10:00:00',NULL),(276,136,138,0,0,-1,-1,5,NULL,2020,1,'2020-02-14 15:10:00',NULL),(277,135,136,0,3,-1,-1,NULL,'iz',2020,1,'2020-02-12 18:40:00',NULL),(278,134,138,1,1,-1,-1,NULL,'iz',2020,1,'2020-02-14 18:40:00',NULL),(279,133,137,0,2,-1,-1,NULL,'iz',2020,1,'2020-02-14 17:30:00',NULL),(280,91,98,3,0,-1,-1,NULL,'o',2020,0,'2020-02-15 08:30:00',NULL),(281,99,104,2,0,-1,-1,NULL,'o',2020,0,'2020-02-15 08:30:00',NULL),(282,95,93,4,1,-1,-1,NULL,'o',2020,0,'2020-02-15 10:50:00',NULL),(283,103,102,7,0,-1,-1,NULL,'o',2020,0,'2020-02-15 10:50:00',NULL),(284,107,113,2,0,-1,-1,NULL,'o',2020,0,'2020-02-15 09:40:00',NULL),(285,115,120,11,1,-1,-1,NULL,'o',2020,0,'2020-02-15 09:40:00',NULL),(286,111,110,9,0,-1,-1,NULL,'o',2020,0,'2020-02-15 12:00:00',NULL),(287,118,117,11,0,-1,-1,NULL,'o',2020,0,'2020-02-15 12:00:00',NULL),(288,131,133,6,0,-1,-1,NULL,'o',2020,1,'2020-02-15 08:30:00',NULL),(289,128,121,2,1,-1,-1,NULL,'o',2020,1,'2020-02-15 08:30:00',NULL),(290,132,134,4,0,-1,-1,NULL,'o',2020,1,'2020-02-15 09:40:00',NULL),(291,122,125,1,1,6,5,NULL,'o',2020,1,'2020-02-15 09:40:00',NULL),(292,137,138,4,1,-1,-1,NULL,'o',2020,1,'2020-02-15 10:50:00',NULL),(293,136,124,2,0,-1,-1,NULL,'o',2020,1,'2020-02-15 10:50:00',NULL),(294,135,126,0,1,-1,-1,NULL,'o',2020,1,'2020-02-15 12:00:00',NULL),(295,123,130,2,0,-1,-1,NULL,'o',2020,1,'2020-02-15 12:00:00',NULL),(296,114,114,-1,-1,-1,-1,NULL,'ccp',2020,0,'2020-02-15 08:30:00',NULL),(297,108,106,3,0,-1,-1,NULL,'ccp',2020,0,'2020-02-15 09:40:00',NULL),(298,94,109,2,0,-1,-1,NULL,'ccp',2020,0,'2020-02-15 10:50:00',NULL),(299,119,101,1,0,-1,-1,NULL,'ccp',2020,0,'2020-02-15 12:00:00',NULL),(300,91,99,4,1,-1,-1,NULL,'c',2020,0,'2020-02-15 17:00:00',NULL),(301,107,115,0,3,-1,-1,NULL,'c',2020,0,'2020-02-15 18:10:00',NULL),(302,131,122,0,0,3,4,NULL,'c',2020,1,'2020-02-15 17:00:00',NULL),(303,128,132,0,0,1,3,NULL,'c',2020,1,'2020-02-15 17:00:00',NULL),(304,137,136,0,1,-1,-1,NULL,'c',2020,1,'2020-02-15 18:10:00',NULL),(305,95,103,0,1,-1,-1,NULL,'c',2020,0,'2020-02-15 19:20:00',NULL),(306,114,119,4,0,-1,-1,NULL,'scp',2020,0,'2020-02-15 17:00:00',NULL),(307,108,94,0,0,3,4,NULL,'scp',2020,0,'2020-02-15 18:10:00',NULL),(308,126,123,0,2,-1,-1,NULL,'c',2020,1,'2020-02-15 18:10:00',NULL),(309,111,118,1,1,3,1,NULL,'c',2020,0,'2020-02-15 20:30:00',NULL),(310,91,115,0,2,-1,-1,NULL,'s',2020,0,'2020-02-16 10:00:00',NULL),(311,122,123,1,0,-1,-1,NULL,'s',2020,1,'2020-02-16 10:00:00',NULL),(312,132,136,0,1,-1,-1,NULL,'s',2020,1,'2020-02-16 11:15:00',NULL),(313,114,94,1,0,-1,-1,NULL,'fcp',2020,0,'2020-02-15 22:00:00',NULL),(314,103,111,1,1,4,5,NULL,'s',2020,0,'2020-02-16 11:15:00',NULL),(315,107,118,1,1,3,5,NULL,'7',2020,0,'2020-02-16 14:40:00',NULL),(316,99,95,2,2,3,5,NULL,'5',2020,0,'2020-02-16 15:50:00',NULL),(317,123,132,1,0,-1,-1,NULL,'t',2020,1,'2020-02-16 16:00:00',NULL),(318,122,136,0,0,4,2,NULL,'f',2020,1,'2020-02-16 17:15:00',NULL),(319,91,103,0,4,-1,-1,NULL,'t',2020,0,'2020-02-16 17:00:00',NULL),(320,115,111,2,1,-1,-1,NULL,'f',2020,0,'2020-02-16 18:30:00',NULL),(321,139,142,3,2,-1,-1,1,NULL,2021,0,'2022-02-09 12:30:00','CI-1'),(322,140,141,0,1,-1,-1,1,NULL,2021,0,'2022-02-09 12:30:00','CI-2'),(323,141,142,2,0,-1,-1,1,NULL,2021,0,'2022-02-10 13:40:00','CI-2'),(324,139,140,1,0,-1,-1,1,NULL,2021,0,'2022-02-10 18:20:00','CI-2'),(325,139,141,0,0,-1,-1,1,NULL,2021,0,'2022-02-11 13:40:00','CI-1'),(326,140,142,0,1,-1,-1,1,NULL,2021,0,'2022-02-11 13:40:00','CI-2'),(327,143,146,4,0,-1,-1,2,NULL,2021,0,'2022-02-09 17:10:00','CA'),(328,144,145,0,1,-1,-1,2,NULL,2021,0,'2022-02-09 17:10:00','CI-2'),(329,145,146,1,0,-1,-1,2,NULL,2021,0,'2022-02-10 10:40:00','CI-2'),(330,143,144,10,1,-1,-1,2,NULL,2021,0,'2022-02-10 18:20:00','EM'),(331,144,146,0,5,-1,-1,2,NULL,2021,0,'2022-02-11 11:50:00','CI-2'),(332,143,145,4,0,-1,-1,2,NULL,2021,0,'2022-02-11 18:20:00','EM'),(333,148,150,1,2,-1,-1,3,NULL,2021,0,'2022-02-09 16:00:00','CA'),(334,147,149,8,0,-1,-1,3,NULL,2021,0,'2022-02-09 18:20:00','CI-1'),(335,149,150,1,2,-1,-1,3,NULL,2021,0,'2022-02-10 13:40:00','CA'),(336,147,148,4,0,-1,-1,3,NULL,2021,0,'2022-02-10 14:50:00','CA'),(337,148,149,3,0,-1,-1,3,NULL,2021,0,'2022-02-11 19:30:00','EM'),(338,147,150,4,0,-1,-1,3,NULL,2021,0,'2022-02-11 20:40:00','EM'),(339,151,152,3,0,-1,-1,4,NULL,2021,0,'2022-02-09 13:40:00','EM'),(340,153,154,3,1,-1,-1,4,NULL,2021,0,'2022-02-09 17:10:00','CI-1'),(341,152,154,0,2,-1,-1,4,NULL,2021,0,'2022-02-10 17:10:00','EM'),(342,151,153,2,1,-1,-1,4,NULL,2021,0,'2022-02-10 18:20:00','CI-1'),(343,152,153,0,2,-1,-1,4,NULL,2021,0,'2022-02-11 17:10:00','CI-1'),(344,151,154,0,1,-1,-1,4,NULL,2021,0,'2022-02-11 17:10:00','CI-2'),(345,155,158,24,0,-1,-1,5,NULL,2021,0,'2022-02-09 14:50:00','CA'),(346,157,158,1,0,-1,-1,5,NULL,2021,0,'2022-02-10 13:40:00','CI-1'),(347,155,156,0,0,-1,-1,5,NULL,2021,0,'2022-02-10 14:50:00','EM'),(348,156,157,3,0,-1,-1,5,NULL,2021,0,'2022-02-11 10:40:00','CI-2'),(349,156,158,10,0,-1,-1,5,NULL,2021,0,'2022-02-11 16:00:00','CA'),(350,155,157,15,0,-1,-1,5,NULL,2021,0,'2022-02-11 18:20:00','CI-1'),(351,161,162,2,0,-1,-1,1,NULL,2022,0,'2022-02-09 14:50:00','CI-1'),(352,159,160,17,0,-1,-1,1,NULL,2022,0,'2022-02-09 21:10:00','EM'),(353,160,162,1,1,-1,-1,1,NULL,2022,0,'2022-02-10 17:10:00','CI-2'),(354,159,161,9,0,-1,-1,1,NULL,2022,0,'2022-02-10 21:10:00','EM'),(355,160,161,1,1,-1,-1,1,NULL,2022,0,'2022-02-11 13:40:00','EM'),(356,159,162,9,0,-1,-1,1,NULL,2022,0,'2022-02-11 14:50:00','CI-2'),(357,164,166,2,2,-1,-1,2,NULL,2022,0,'2022-02-09 13:40:00','CI-2'),(358,163,165,10,0,-1,-1,2,NULL,2022,0,'2022-02-09 20:00:00','EM'),(359,165,166,2,1,-1,-1,2,NULL,2022,0,'2022-02-10 16:00:00','CI-1'),(360,163,164,13,0,-1,-1,2,NULL,2022,0,'2022-02-10 22:20:00','EM'),(361,164,165,1,2,-1,-1,2,NULL,2022,0,'2022-02-11 16:00:00','CI-1'),(362,163,166,14,0,-1,-1,2,NULL,2022,0,'2022-02-11 18:20:00','CA'),(363,168,169,1,3,-1,-1,3,NULL,2022,0,'2022-02-09 13:40:00','CA'),(364,167,170,0,1,-1,-1,3,NULL,2022,0,'2022-02-09 14:50:00','CI-2'),(365,169,170,0,0,-1,-1,3,NULL,2022,0,'2022-02-10 09:30:00','CI-2'),(366,167,168,6,0,-1,-1,3,NULL,2022,0,'2022-02-10 16:00:00','CI-2'),(367,167,169,2,0,-1,-1,3,NULL,2022,0,'2022-02-11 09:30:00','CI-2'),(368,168,170,1,6,-1,-1,3,NULL,2022,0,'2022-02-11 14:50:00','EM'),(369,172,173,6,1,-1,-1,4,NULL,2022,0,'2022-02-09 16:00:00','CI-1'),(370,171,174,4,1,-1,-1,4,NULL,2022,0,'2022-02-09 17:10:00','EM'),(371,173,174,2,1,-1,-1,4,NULL,2022,0,'2022-02-10 14:50:00','CI-1'),(372,171,172,4,0,-1,-1,4,NULL,2022,0,'2022-02-10 18:20:00','CA'),(373,172,174,0,1,-1,-1,4,NULL,2022,0,'2022-02-11 16:00:00','CI-1'),(374,171,173,10,0,-1,-1,4,NULL,2022,0,'2022-02-11 17:10:00','CA'),(375,176,178,1,1,-1,-1,5,NULL,2022,0,'2022-02-09 14:50:00','EM'),(376,175,177,5,0,-1,-1,5,NULL,2022,0,'2022-02-09 16:00:00','EM'),(377,177,178,1,1,-1,-1,5,NULL,2022,0,'2022-02-10 16:00:00','CA'),(378,175,176,8,0,-1,-1,5,NULL,2022,0,'2022-02-10 17:10:00','CA'),(379,175,178,5,0,-1,-1,5,NULL,2022,0,'2022-02-11 16:00:00','EM'),(380,176,177,0,1,-1,-1,5,NULL,2022,0,'2022-02-11 17:10:00','EM'),(381,180,181,3,0,-1,-1,6,NULL,2022,0,'2022-02-09 13:40:00','CI-1'),(382,179,182,2,0,-1,-1,6,NULL,2022,0,'2022-02-09 18:20:00','CA'),(383,179,180,10,0,-1,-1,6,NULL,2022,0,'2022-02-10 16:00:00','EM'),(384,181,182,0,3,-1,-1,6,NULL,2022,0,'2022-02-10 17:10:00','CI-1'),(385,179,181,7,0,-1,-1,6,NULL,2022,0,'2022-02-11 14:50:00','CI-1'),(386,180,182,1,1,-1,-1,6,NULL,2022,0,'2022-02-11 14:50:00','CI-2'),(387,183,184,8,0,-1,-1,1,NULL,2021,1,'2022-02-09 14:50:00','CI'),(388,185,186,0,0,-1,-1,1,NULL,2021,1,'2022-02-09 18:20:00','CA'),(389,183,185,1,1,-1,-1,1,NULL,2021,1,'2022-02-10 13:40:00','EM'),(390,184,186,0,4,-1,-1,1,NULL,2021,1,'2022-02-10 13:40:00','CA'),(391,184,185,0,4,-1,-1,1,NULL,2021,1,'2022-02-11 13:40:00','CA'),(392,183,186,0,2,-1,-1,1,NULL,2021,1,'2022-02-11 13:40:00','CI'),(393,188,189,0,2,-1,-1,2,NULL,2021,1,'2022-02-09 16:00:00','CA'),(394,187,190,4,0,-1,-1,2,NULL,2021,1,'2022-02-09 18:20:00','CI'),(395,188,190,1,1,-1,-1,2,NULL,2021,1,'2022-02-10 17:10:00','CA'),(396,187,189,4,0,-1,-1,2,NULL,2021,1,'2022-02-10 17:10:00','CI'),(397,189,190,3,0,-1,-1,2,NULL,2021,1,'2022-02-11 09:30:00','CI'),(398,187,188,0,1,-1,-1,2,NULL,2021,1,'2022-02-11 17:10:00','EM'),(399,191,193,0,3,-1,-1,3,NULL,2021,1,'2022-02-09 17:10:00','CA'),(400,192,194,5,1,-1,-1,3,NULL,2021,1,'2022-02-09 18:20:00','EM'),(401,193,194,6,0,-1,-1,3,NULL,2021,1,'2022-02-10 13:40:00','CI'),(402,191,192,0,6,-1,-1,3,NULL,2021,1,'2022-02-10 18:20:00','EM'),(403,191,194,2,1,-1,-1,3,NULL,2021,1,'2022-02-11 16:00:00','CA'),(404,192,193,0,2,-1,-1,3,NULL,2021,1,'2022-02-11 16:00:00','CI'),(405,196,197,2,0,-1,-1,1,NULL,2022,1,'2022-02-09 14:50:00','CA'),(406,195,198,0,2,-1,-1,1,NULL,2022,1,'2022-02-09 17:10:00','CI'),(407,195,196,0,1,-1,-1,1,NULL,2022,1,'2022-02-10 14:50:00','EM'),(408,197,198,0,2,-1,-1,1,NULL,2022,1,'2022-02-10 14:50:00','CA'),(409,195,197,0,0,-1,-1,1,NULL,2022,1,'2022-02-11 18:20:00','EM'),(410,196,198,1,3,-1,-1,1,NULL,2022,1,'2022-02-11 18:20:00','CA'),(411,200,201,0,3,-1,-1,2,NULL,2022,1,'2022-02-09 16:00:00','EM'),(412,199,201,0,1,-1,-1,2,NULL,2022,1,'2022-02-10 17:10:00','EM'),(413,200,202,0,4,-1,-1,2,NULL,2022,1,'2022-02-10 18:20:00','CA'),(414,199,202,2,0,-1,-1,2,NULL,2022,1,'2022-02-11 10:40:00','CI'),(415,201,202,2,1,-1,-1,2,NULL,2022,1,'2022-02-11 14:50:00','CI'),(416,199,200,4,0,-1,-1,2,NULL,2022,1,'2022-02-11 17:10:00','CA'),(417,203,205,1,0,-1,-1,3,NULL,2022,1,'2022-02-09 16:00:00','CI'),(418,203,204,10,0,-1,-1,3,NULL,2022,1,'2022-02-10 14:50:00','CI'),(419,204,205,1,1,-1,-1,3,NULL,2022,1,'2022-02-11 16:00:00','EM'),(420,206,208,2,0,-1,-1,4,NULL,2022,1,'2022-02-09 14:50:00','EM'),(421,207,208,0,3,-1,-1,4,NULL,2022,1,'2022-02-10 16:00:00','CA'),(422,206,207,6,1,-1,-1,4,NULL,2022,1,'2022-02-11 14:50:00','EM'),(423,204,207,2,2,-1,-1,NULL,'iz',2022,1,'2022-02-09 17:10:00','EM'),(424,205,206,0,3,-1,-1,NULL,'iz',2022,1,'2022-02-10 16:00:00','EM'),(425,203,208,1,0,-1,-1,NULL,'iz',2022,1,'2022-02-11 14:50:00','CA'),(426,209,210,0,2,-1,-1,1,NULL,2022,2,'2022-02-11 21:50:00','EM'),(427,210,211,3,0,-1,-1,1,NULL,2022,2,'2022-02-12 13:45:00','CA'),(428,209,211,4,0,-1,-1,1,NULL,2022,2,'2022-02-12 18:00:00','CI-1'),(429,212,213,0,1,-1,-1,2,NULL,2022,2,'2022-02-11 13:00:00','CA'),(430,213,214,0,1,-1,-1,2,NULL,2022,2,'2022-02-12 13:45:00','EM'),(431,212,214,0,3,-1,-1,2,NULL,2022,2,'2022-02-12 18:00:00','CA'),(432,211,214,0,1,-1,-1,NULL,'iz',2022,2,'2022-02-11 18:20:00','CI-2'),(433,209,212,2,2,-1,-1,NULL,'iz',2022,2,'2022-02-12 13:45:00','CI-1'),(434,210,213,1,0,-1,-1,NULL,'iz',2022,2,'2022-02-12 18:00:00','CI-2'),(435,179,180,4,0,-1,-1,NULL,'o',2022,0,'2022-02-12 08:45:00','EM'),(436,175,169,7,0,-1,-1,NULL,'o',2022,0,'2022-02-12 08:45:00','CA'),(437,171,172,0,0,3,4,NULL,'o',2022,0,'2022-02-12 08:45:00','CI-1'),(438,170,161,1,1,4,3,NULL,'o',2022,0,'2022-02-12 08:45:00','CI-2'),(439,163,178,5,0,-1,-1,NULL,'o',2022,0,'2022-02-12 10:00:00','EM'),(440,159,174,7,0,-1,-1,NULL,'o',2022,0,'2022-02-12 10:00:00','CA'),(441,167,177,2,0,-1,-1,NULL,'o',2022,0,'2022-02-12 10:00:00','CI-1'),(442,165,182,1,0,-1,-1,NULL,'o',2022,0,'2022-02-12 10:00:00','CI-2'),(443,160,173,0,0,4,5,NULL,'scp',2022,0,'2022-02-12 12:00:00','CI-1'),(444,164,176,0,0,5,3,NULL,'scp',2022,0,'2022-02-12 12:00:00','CI-2'),(445,187,185,2,0,-1,-1,NULL,'c',2021,1,'2022-02-12 08:45:00','CA'),(446,186,183,2,2,3,2,NULL,'c',2021,1,'2022-02-12 10:00:00','CA'),(447,193,188,1,0,-1,-1,NULL,'c',2021,1,'2022-02-12 11:15:00','CA'),(448,192,189,1,2,-1,-1,NULL,'c',2021,1,'2022-02-12 12:30:00','CA'),(450,198,196,1,1,2,1,NULL,'c',2022,1,'2022-02-12 08:45:00','EM'),(451,206,208,1,1,4,2,NULL,'c',2022,1,'2022-02-12 10:00:00','EM'),(452,203,204,4,0,-1,-1,NULL,'c',2022,1,'2022-02-12 11:15:00','EM'),(453,201,199,1,0,-1,-1,NULL,'c',2022,1,'2022-02-12 12:30:00','EM'),(454,202,197,0,0,3,2,NULL,'scp',2022,1,'2022-02-12 10:00:00','CI'),(455,195,205,1,0,-1,-1,NULL,'scp',2022,1,'2022-02-12 11:15:00','CI'),(456,155,156,0,0,3,2,NULL,'c',2021,0,'2022-02-12 11:15:00','CA'),(457,147,139,5,0,-1,-1,NULL,'c',2021,0,'2022-02-12 11:15:00','EM'),(458,141,153,1,2,-1,-1,NULL,'c',2021,0,'2022-02-12 12:30:00','CA'),(459,143,151,6,0,-1,-1,NULL,'c',2021,0,'2022-02-12 12:30:00','EM'),(460,150,146,1,1,4,3,NULL,'scp',2021,0,'2022-02-12 11:15:00','CI-1'),(461,145,154,0,0,3,4,NULL,'scp',2021,0,'2022-02-12 11:15:00','CI-2'),(462,191,184,1,0,-1,-1,NULL,'fcp',2021,1,'2022-02-12 12:30:00','CI'),(463,175,172,8,0,-1,-1,NULL,'c',2022,0,'2022-02-12 16:45:00','EM'),(464,179,170,3,0,-1,-1,NULL,'c',2022,0,'2022-02-12 18:00:00','EM'),(465,163,165,16,0,-1,-1,NULL,'c',2022,0,'2022-02-12 19:15:00','EM'),(466,159,167,8,0,-1,-1,NULL,'c',2022,0,'2022-02-12 20:30:00','EM'),(467,150,154,2,2,3,4,NULL,'fcp',2021,0,'2022-02-12 16:45:00','CI1'),(468,202,195,2,2,4,3,NULL,'fcp',2022,1,'2022-02-12 14:00:00','CI'),(469,143,153,8,0,-1,-1,NULL,'s',2021,0,'2022-02-13 10:50:00','CA'),(470,147,155,0,0,3,4,NULL,'s',2021,0,'2022-02-13 12:10:00','CA'),(471,173,164,2,1,-1,-1,NULL,'fcp',2022,0,'2022-02-12 16:45:00','CI-2'),(472,187,186,1,3,-1,-1,NULL,'s',2021,1,'2022-02-12 16:45:00','CA'),(473,193,189,1,1,4,3,NULL,'s',2021,1,'2022-02-12 18:00:00','CA'),(474,203,201,1,0,-1,-1,NULL,'s',2022,1,'2022-02-12 17:00:00','CA'),(475,198,206,1,0,-1,-1,NULL,'s',2022,1,'2022-02-12 18:15:00','CA'),(476,163,175,2,0,-1,-1,NULL,'s',2022,0,'2022-02-13 10:50:00','EM'),(477,159,179,1,0,-1,-1,NULL,'s',2022,0,'2022-02-13 12:10:00','EM'),(478,170,167,0,0,3,4,NULL,'5',2022,0,'2022-02-13 13:30:00','EM'),(479,187,189,0,2,-1,-1,NULL,'t',2021,1,'2022-02-13 10:00:00','EM'),(480,193,186,0,0,5,4,NULL,'f',2021,1,'2022-02-13 14:30:00','EM'),(481,210,213,3,0,-1,-1,NULL,'s',2022,2,'2022-02-13 09:30:00','EM'),(482,214,209,5,1,-1,-1,NULL,'s',2022,2,'2022-02-13 09:30:00','CA'),(483,211,212,0,0,4,5,NULL,'fcp',2022,2,'2022-02-12 13:30:00','CA'),(484,201,206,2,0,-1,-1,NULL,'t',2022,1,'2022-02-13 11:15:00','EM'),(485,203,198,4,1,-1,-1,NULL,'f',2022,1,'2022-02-13 16:00:00','EM'),(486,213,209,2,0,-1,-1,NULL,'t',2022,2,'2022-02-13 15:00:00','CA'),(487,210,214,1,0,-1,-1,NULL,'f',2022,2,'2022-02-13 15:00:00','EM'),(488,147,153,2,0,-1,-1,NULL,'t',2021,0,'2022-02-13 16:30:00','CA'),(489,143,155,1,1,9,8,NULL,'f',2021,0,'2022-02-13 17:45:00','EM'),(490,175,179,1,0,-1,-1,NULL,'t',2022,0,'2022-02-13 16:30:00','EM'),(491,163,159,0,2,-1,-1,NULL,'f',2022,0,'2022-02-13 19:00:00','EM');
/*!40000 ALTER TABLE `juega` ENABLE KEYS */;
UNLOCK TABLES;
/*!50003 SET @saved_cs_client      = @@character_set_client */ ;
/*!50003 SET @saved_cs_results     = @@character_set_results */ ;
/*!50003 SET @saved_col_connection = @@collation_connection */ ;
/*!50003 SET character_set_client  = latin1 */ ;
/*!50003 SET character_set_results = latin1 */ ;
/*!50003 SET collation_connection  = latin1_swedish_ci */ ;
/*!50003 SET @saved_sql_mode       = @@sql_mode */ ;
/*!50003 SET sql_mode              = 'ONLY_FULL_GROUP_BY,STRICT_TRANS_TABLES,NO_ZERO_IN_DATE,NO_ZERO_DATE,ERROR_FOR_DIVISION_BY_ZERO,NO_ENGINE_SUBSTITUTION' */ ;
DELIMITER ;;
/*!50003 CREATE*/ /*!50017 DEFINER=`root`@`localhost`*/ /*!50003 TRIGGER tr_actualizar_grupo
AFTER UPDATE ON juega
FOR EACH ROW
BEGIN
    
	IF (old.golesLocal != new.golesLocal OR old.golesVisitante != new.golesVisitante) THEN
        
		IF (new.instancia IS NULL OR new.instancia = "iz") THEN
            
			IF (old.golesLocal = -1 AND old.golesVisitante = -1) THEN
				UPDATE equipo SET partidosJugados = partidosJugados + 1 WHERE (id = new.id_equipoUno OR id = new.id_equipoDos);
				UPDATE equipo SET golesAFavor = golesAFavor + new.golesLocal, golesEnContra = golesEnContra + new.golesVisitante, golesEnContraTotal = golesEnContraTotal + new.golesVisitante WHERE id = new.id_equipoUno;
				UPDATE equipo SET golesAFavor = golesAFavor + new.golesVisitante, golesEnContra = golesEnContra + new.golesLocal, golesEnContraTotal = golesEnContraTotal + new.golesLocal WHERE id = new.id_equipoDos;
                
				IF (new.golesLocal > new.golesVisitante) THEN
					UPDATE equipo SET puntos = puntos + 3, partidosGanados = partidosGanados + 1 WHERE id = new.id_equipoUno;
					UPDATE equipo SET partidosPerdidos = partidosPerdidos + 1 WHERE id = new.id_equipoDos;
                
				ELSEIF (new.golesLocal = new.golesVisitante) THEN
					UPDATE equipo SET puntos = puntos + 1, partidosEmpatados = partidosEmpatados + 1 WHERE (id = new.id_equipoUno OR id = new.id_equipoDos);
                
				ELSEIF (new.golesLocal < new.golesVisitante) THEN
					UPDATE equipo SET puntos = puntos + 3, partidosGanados = partidosGanados + 1 WHERE id = new.id_equipoDos;
					UPDATE equipo SET partidosPerdidos = partidosPerdidos + 1 WHERE id = new.id_equipoUno;
				END IF;
            
			ELSE
                
				IF (old.golesLocal > old.golesVisitante) THEN
                    
					IF (new.golesLocal = new.golesVisitante) THEN
						UPDATE equipo SET puntos = puntos - 2, partidosGanados = partidosGanados - 1, partidosEmpatados = partidosEmpatados + 1 WHERE id = new.id_equipoUno;
						UPDATE equipo SET puntos = puntos + 1, partidosPerdidos = partidosPerdidos - 1, partidosEmpatados = partidosEmpatados + 1 WHERE id = new.id_equipoDos;
                    
                    ELSEIF (new.golesLocal < new.golesVisitante) THEN
						UPDATE equipo SET puntos = puntos - 3, partidosGanados = partidosGanados - 1, partidosPerdidos = partidosPerdidos + 1 WHERE id = new.id_equipoUno;
						UPDATE equipo SET puntos = puntos + 3, partidosPerdidos = partidosPerdidos - 1, partidosGanados = partidosGanados + 1 WHERE id = new.id_equipoDos;
					END IF;
                
                ELSEIF (old.golesLocal = old.golesVisitante) THEN
                    
					IF (new.golesLocal > new.golesVisitante) THEN
						UPDATE equipo SET puntos = puntos + 2, partidosGanados = partidosGanados + 1, partidosEmpatados = partidosEmpatados - 1 WHERE id = new.id_equipoUno;
						UPDATE equipo SET puntos = puntos - 1, partidosPerdidos = partidosPerdidos + 1, partidosEmpatados = partidosEmpatados - 1 WHERE id = new.id_equipoDos;
                    
					ELSEIF (new.golesLocal < new.golesVisitante) THEN
						UPDATE equipo SET puntos = puntos - 1, partidosPerdidos = partidosPerdidos + 1, partidosEmpatados = partidosEmpatados - 1 WHERE id = new.id_equipoUno;
						UPDATE equipo SET puntos = puntos + 2, partidosGanados = partidosGanados + 1, partidosEmpatados = partidosEmpatados - 1 WHERE id = new.id_equipoDos;
					END IF;
                
				ELSEIF (old.golesLocal < old.golesVisitante) THEN
                    
					IF (new.golesLocal > new.golesVisitante) THEN
						UPDATE equipo SET puntos = puntos + 3, partidosGanados = partidosGanados + 1, partidosPerdidos = partidosPerdidos - 1 WHERE id = new.id_equipoUno;
						UPDATE equipo SET puntos = puntos - 3, partidosPerdidos = partidosPerdidos + 1, partidosGanados = partidosGanados - 1 WHERE id = new.id_equipoDos;
                    
					ELSEIF (new.golesLocal = new.golesVisitante) THEN
						UPDATE equipo SET puntos = puntos + 1, partidosEmpatados = partidosEmpatados + 1, partidosPerdidos = partidosPerdidos - 1 WHERE id = new.id_equipoUno;
						UPDATE equipo SET puntos = puntos - 2, partidosEmpatados = partidosEmpatados + 1, partidosGanados = partidosGanados - 1 WHERE id = new.id_equipoDos;
					END IF;
				END IF;
                
				UPDATE equipo SET golesAFavor = golesAFavor - old.golesLocal + new.golesLocal, golesEnContra = golesEnContra - old.golesVisitante + new.golesVisitante, golesEnContraTotal = golesEnContraTotal - old.golesVisitante + new.golesVisitante WHERE id = new.id_equipoUno;
				UPDATE equipo SET golesAFavor = golesAFavor - old.golesVisitante + new.golesVisitante, golesEnContra = golesEnContra - old.golesLocal + new.golesLocal, golesEnContraTotal = golesEnContraTotal - old.golesLocal + new.golesLocal WHERE id = new.id_equipoDos;
			END IF;
			UPDATE equipo SET diferenciaGoles = golesAFavor - golesEnContra WHERE id = new.id_equipoUno;
			UPDATE equipo SET diferenciaGoles = golesAFavor - golesEnContra WHERE id = new.id_equipoDos;
        
        ELSE
            
			IF (old.golesLocal = -1 AND old.golesVisitante = -1) THEN
				UPDATE equipo SET golesEnContraTotal = golesEnContraTotal + new.golesVisitante WHERE id = new.id_equipoUno;
				UPDATE equipo SET golesEnContraTotal = golesEnContraTotal + new.golesLocal WHERE id = new.id_equipoDos;
            
			ELSE
				UPDATE equipo SET golesEnContraTotal = golesEnContraTotal - old.golesVisitante + new.golesVisitante WHERE id = new.id_equipoUno;
				UPDATE equipo SET golesEnContraTotal = golesEnContraTotal - old.golesLocal + new.golesLocal WHERE id = new.id_equipoDos;
			END IF;
		END IF;
	END IF;
END */;;
DELIMITER ;
/*!50003 SET sql_mode              = @saved_sql_mode */ ;
/*!50003 SET character_set_client  = @saved_cs_client */ ;
/*!50003 SET character_set_results = @saved_cs_results */ ;
/*!50003 SET collation_connection  = @saved_col_connection */ ;

--
-- Table structure for table `usuario`
--

DROP TABLE IF EXISTS `usuario`;
/*!40101 SET @saved_cs_client     = @@character_set_client */;
/*!40101 SET character_set_client = utf8 */;
CREATE TABLE `usuario` (
  `id` int(2) NOT NULL AUTO_INCREMENT,
  `nombre` varchar(50) NOT NULL,
  `contraseña` varchar(255) NOT NULL,
  PRIMARY KEY (`id`),
  UNIQUE KEY `nombre` (`nombre`)
) ENGINE=InnoDB AUTO_INCREMENT=2 DEFAULT CHARSET=latin1;
/*!40101 SET character_set_client = @saved_cs_client */;

--
-- Dumping data for table `usuario`
--

LOCK TABLES `usuario` WRITE;
/*!40000 ALTER TABLE `usuario` DISABLE KEYS */;
INSERT INTO `usuario` VALUES (1,'Joaco','$2a$10$KsTCupWAmBd7E./I0Gmf2.Wav8wReFztjJn/usDIkVSu81W8/zXTq');
/*!40000 ALTER TABLE `usuario` ENABLE KEYS */;
UNLOCK TABLES;
/*!40103 SET TIME_ZONE=@OLD_TIME_ZONE */;

/*!40101 SET SQL_MODE=@OLD_SQL_MODE */;
/*!40014 SET FOREIGN_KEY_CHECKS=@OLD_FOREIGN_KEY_CHECKS */;
/*!40014 SET UNIQUE_CHECKS=@OLD_UNIQUE_CHECKS */;
/*!40101 SET CHARACTER_SET_CLIENT=@OLD_CHARACTER_SET_CLIENT */;
/*!40101 SET CHARACTER_SET_RESULTS=@OLD_CHARACTER_SET_RESULTS */;
/*!40101 SET COLLATION_CONNECTION=@OLD_COLLATION_CONNECTION */;
/*!40111 SET SQL_NOTES=@OLD_SQL_NOTES */;

-- Dump completed on 2022-02-21 22:48:42
